Nama_Citra,Label,Contrast,Correlation,Energy,Homogeneity,Edge_Pixels,Edge_Ratio,Prediksi
tinggi_clahe_01_flipH_r0.png,tinggi,210.98829365079365,0.9657131836008318,0.8021565920054248,0.8612293247065457,1827,0.0360888888888888,tinggi
tinggi_clahe_01_flipH_r270.png,tinggi,356.6684126984126,0.9420416715785273,0.7979683841479623,0.8503244012309065,1827,0.0360888888888888,tinggi
tinggi_clahe_01_flipH_r90.png,tinggi,356.6684126984126,0.9420416715785273,0.7979683841479623,0.8503244012309065,1828,0.0361086419753086,tinggi
tinggi_clahe_01_flipV_r270.png,tinggi,356.6684126984126,0.9420416715785273,0.7979683841479623,0.8503244012309065,1828,0.0361086419753086,tinggi
tinggi_clahe_01_flipV_r90.png,tinggi,356.6684126984126,0.9420416715785273,0.7979683841479623,0.8503244012309065,1827,0.0360888888888888,tinggi
tinggi_clahe_01_orig_r0.png,tinggi,210.98829365079365,0.9657131836008318,0.8021565920054248,0.8612293247065457,1827,0.0360888888888888,tinggi
tinggi_clahe_01_orig_r270.png,tinggi,356.6684126984126,0.9420416715785273,0.7979683841479623,0.8503244012309065,1827,0.0360888888888888,tinggi
tinggi_clahe_01_orig_r90.png,tinggi,356.6684126984126,0.9420416715785273,0.7979683841479623,0.8503244012309065,1828,0.0361086419753086,tinggi
tinggi_clahe_02_flipH_r0.png,tinggi,150.11083333333332,0.9716858255460314,0.7914269871298425,0.8553065341078536,1642,0.0324345679012345,tinggi
tinggi_clahe_02_flipH_r270.png,tinggi,283.3965079365079,0.9466409260043732,0.7869434207889346,0.8409298234695266,1642,0.0324345679012345,tinggi
tinggi_clahe_02_flipH_r90.png,tinggi,283.3965079365079,0.9466409260043732,0.7869434207889346,0.8409298234695266,1644,0.032474074074074,tinggi
tinggi_clahe_02_flipV_r90.png,tinggi,283.3965079365079,0.9466409260043732,0.7869434207889346,0.8409298234695266,1642,0.0324345679012345,tinggi
tinggi_clahe_02_orig_r90.png,tinggi,283.3965079365079,0.9466409260043732,0.7869434207889346,0.8409298234695266,1644,0.032474074074074,tinggi
tinggi_clahe_03_flipH_r0.png,tinggi,199.94730158730152,0.964778715491402,0.8052592650432652,0.869497245894317,1706,0.0336987654320987,tinggi
tinggi_clahe_03_flipH_r270.png,tinggi,344.8964285714285,0.939245487059673,0.8019078250324024,0.8598070514893098,1698,0.0335407407407407,tinggi
tinggi_clahe_03_flipH_r90.png,tinggi,344.8964285714285,0.939245487059673,0.8019078250324024,0.8598070514893098,1707,0.0337185185185185,tinggi
tinggi_clahe_03_flipV_r0.png,tinggi,199.94730158730152,0.964778715491402,0.8052592650432652,0.869497245894317,1699,0.0335604938271605,tinggi
tinggi_clahe_03_orig_r0.png,tinggi,199.94730158730152,0.964778715491402,0.8052592650432652,0.869497245894317,1698,0.0335407407407407,tinggi
tinggi_clahe_03_orig_r270.png,tinggi,344.8964285714285,0.939245487059673,0.8019078250324024,0.8598070514893098,1706,0.0336987654320987,tinggi
tinggi_clahe_03_orig_r90.png,tinggi,344.8964285714285,0.939245487059673,0.8019078250324024,0.8598070514893098,1699,0.0335604938271605,tinggi
tinggi_clahe_04_flipH_r0.png,tinggi,99.30742063492065,0.9789955231431744,0.8156075085921737,0.8718748953567333,1539,0.0304,rendah
tinggi_clahe_04_flipH_r90.png,tinggi,311.9557142857143,0.9340188188592904,0.811437848925479,0.8597665284833652,1532,0.0302617283950617,tinggi
tinggi_clahe_04_flipV_r0.png,tinggi,99.30742063492065,0.9789955231431744,0.8156075085921737,0.8718748953567333,1536,0.0303407407407407,rendah
tinggi_clahe_04_flipV_r270.png,tinggi,311.9557142857143,0.9340188188592904,0.811437848925479,0.8597665284833652,1532,0.0302617283950617,tinggi
tinggi_clahe_04_flipV_r90.png,tinggi,311.9557142857143,0.9340188188592904,0.811437848925479,0.8597665284833652,1543,0.030479012345679,tinggi
tinggi_clahe_04_orig_r270.png,tinggi,311.9557142857143,0.9340188188592904,0.811437848925479,0.8597665284833652,1539,0.0304,tinggi
tinggi_clahe_05_flipH_r270.png,tinggi,303.1767063492063,0.9417498562519752,0.79990088125456,0.850264765011272,1632,0.032237037037037,tinggi
tinggi_clahe_05_flipH_r90.png,tinggi,303.1767063492063,0.9417498562519752,0.79990088125456,0.850264765011272,1632,0.032237037037037,tinggi
tinggi_clahe_05_flipV_r0.png,tinggi,128.53150793650792,0.975293807779659,0.8042179419618438,0.8635793021382285,1636,0.032316049382716,sedang
tinggi_clahe_05_flipV_r90.png,tinggi,303.1767063492063,0.9417498562519752,0.79990088125456,0.850264765011272,1632,0.032237037037037,tinggi
tinggi_clahe_05_orig_r0.png,tinggi,128.53150793650792,0.975293807779659,0.8042179419618438,0.8635793021382285,1632,0.032237037037037,sedang
tinggi_clahe_05_orig_r270.png,tinggi,303.1767063492063,0.9417498562519752,0.79990088125456,0.850264765011272,1628,0.032158024691358,tinggi
tinggi_clahe_06_flipH_r0.png,tinggi,164.4825,0.971794858350405,0.8042948458386266,0.8665024288586382,1570,0.0310123456790123,tinggi
tinggi_clahe_06_flipH_r270.png,tinggi,271.4702777777778,0.953449116286898,0.7998038490357974,0.8556067855685511,1568,0.0309728395061728,tinggi
tinggi_clahe_06_flipV_r0.png,tinggi,164.4825,0.971794858350405,0.8042948458386266,0.8665024288586382,1577,0.0311506172839506,tinggi
tinggi_clahe_06_flipV_r90.png,tinggi,271.4702777777778,0.953449116286898,0.7998038490357974,0.8556067855685511,1568,0.0309728395061728,tinggi
tinggi_clahe_06_orig_r90.png,tinggi,271.4702777777778,0.953449116286898,0.7998038490357974,0.8556067855685511,1577,0.0311506172839506,tinggi
tinggi_clahe_07_flipH_r0.png,tinggi,132.8421626984127,0.974197414293086,0.7890066837667052,0.8567220423267842,1835,0.0362469135802469,tinggi
tinggi_clahe_07_flipH_r270.png,tinggi,269.17678571428576,0.9477315097663338,0.7843710407074601,0.843267413101256,1835,0.0362469135802469,tinggi
tinggi_clahe_07_flipH_r90.png,tinggi,269.17678571428576,0.9477315097663338,0.7843710407074601,0.843267413101256,1828,0.0361086419753086,tinggi
tinggi_clahe_07_flipV_r270.png,tinggi,269.17678571428576,0.9477315097663338,0.7843710407074601,0.843267413101256,1828,0.0361086419753086,tinggi
tinggi_clahe_07_flipV_r90.png,tinggi,269.17678571428576,0.9477315097663338,0.7843710407074601,0.843267413101256,1835,0.0362469135802469,tinggi
tinggi_clahe_07_orig_r0.png,tinggi,132.8421626984127,0.974197414293086,0.7890066837667052,0.8567220423267842,1835,0.0362469135802469,tinggi
tinggi_clahe_07_orig_r270.png,tinggi,269.17678571428576,0.9477315097663338,0.7843710407074601,0.843267413101256,1835,0.0362469135802469,tinggi
tinggi_clahe_07_orig_r90.png,tinggi,269.17678571428576,0.9477315097663338,0.7843710407074601,0.843267413101256,1828,0.0361086419753086,tinggi
tinggi_clahe_08_flipH_r270.png,tinggi,280.2753968253968,0.9421652253994808,0.7886486211066251,0.8527163937175459,1597,0.0315456790123456,tinggi
tinggi_clahe_08_flipH_r90.png,tinggi,280.2753968253968,0.9421652253994808,0.7886486211066251,0.8527163937175459,1584,0.0312888888888888,tinggi
tinggi_clahe_08_flipV_r0.png,tinggi,112.80551587301584,0.9767130051506796,0.7931621325486171,0.8663321304077775,1583,0.0312691358024691,sedang
tinggi_clahe_08_flipV_r270.png,tinggi,280.2753968253968,0.9421652253994808,0.7886486211066251,0.8527163937175459,1584,0.0312888888888888,tinggi
tinggi_clahe_08_flipV_r90.png,tinggi,280.2753968253968,0.9421652253994808,0.7886486211066251,0.8527163937175459,1597,0.0315456790123456,tinggi
tinggi_clahe_08_orig_r0.png,tinggi,112.80551587301584,0.9767130051506796,0.7931621325486171,0.8663321304077775,1597,0.0315456790123456,sedang
tinggi_clahe_08_orig_r270.png,tinggi,280.2753968253968,0.9421652253994808,0.7886486211066251,0.8527163937175459,1598,0.0315654320987654,tinggi
tinggi_clahe_09_flipH_r0.png,tinggi,96.21279761904762,0.979277671992809,0.7818914576230146,0.8611017667387394,1679,0.0331654320987654,tinggi
tinggi_clahe_09_flipH_r90.png,tinggi,219.8621031746032,0.9527528089471036,0.7777067779688822,0.8469978479686274,1682,0.0332246913580246,tinggi
tinggi_clahe_09_flipV_r0.png,tinggi,96.21279761904762,0.979277671992809,0.7818914576230146,0.8611017667387394,1684,0.0332641975308641,tinggi
tinggi_clahe_09_flipV_r270.png,tinggi,219.8621031746032,0.9527528089471036,0.7777067779688822,0.8469978479686274,1682,0.0332246913580246,tinggi
tinggi_clahe_09_flipV_r90.png,tinggi,219.8621031746032,0.9527528089471036,0.7777067779688822,0.8469978479686274,1681,0.0332049382716049,tinggi
tinggi_clahe_09_orig_r0.png,tinggi,96.21279761904762,0.979277671992809,0.7818914576230146,0.8611017667387394,1681,0.0332049382716049,tinggi
tinggi_clahe_09_orig_r90.png,tinggi,219.8621031746032,0.9527528089471036,0.7777067779688822,0.8469978479686274,1684,0.0332641975308641,tinggi
tinggi_clahe_10_flipH_r270.png,tinggi,243.2780158730159,0.9493039702088912,0.7857321020707312,0.842790551589569,1834,0.0362271604938271,tinggi
tinggi_clahe_10_flipV_r0.png,tinggi,120.56107142857144,0.9748641879098506,0.7904561567152796,0.8558045472003943,1834,0.0362271604938271,tinggi
tinggi_clahe_10_flipV_r270.png,tinggi,243.2780158730159,0.9493039702088912,0.7857321020707312,0.842790551589569,1841,0.0363654320987654,tinggi
tinggi_clahe_10_flipV_r90.png,tinggi,243.2780158730159,0.9493039702088912,0.7857321020707312,0.842790551589569,1834,0.0362271604938271,tinggi
tinggi_clahe_10_orig_r270.png,tinggi,243.2780158730159,0.9493039702088912,0.7857321020707312,0.842790551589569,1841,0.0363654320987654,tinggi
tinggi_clahe_10_orig_r90.png,tinggi,243.2780158730159,0.9493039702088912,0.7857321020707312,0.842790551589569,1834,0.0362271604938271,tinggi
tinggi_clahe_11_flipH_r0.png,tinggi,162.56964285714287,0.9660496278922988,0.7903660458259565,0.8561103692684414,1608,0.0317629629629629,tinggi
tinggi_clahe_11_flipH_r270.png,tinggi,286.32452380952384,0.940218897885182,0.7866500717976093,0.8451101059644196,1606,0.0317234567901234,tinggi
tinggi_clahe_11_flipH_r90.png,tinggi,286.32452380952384,0.940218897885182,0.7866500717976093,0.8451101059644196,1602,0.0316444444444444,tinggi
tinggi_clahe_11_flipV_r0.png,tinggi,162.56964285714287,0.9660496278922988,0.7903660458259565,0.8561103692684414,1600,0.0316049382716049,tinggi
tinggi_clahe_11_flipV_r270.png,tinggi,286.32452380952384,0.940218897885182,0.7866500717976093,0.8451101059644196,1602,0.0316444444444444,tinggi
tinggi_clahe_11_flipV_r90.png,tinggi,286.32452380952384,0.940218897885182,0.7866500717976093,0.8451101059644196,1606,0.0317234567901234,tinggi
tinggi_clahe_11_orig_r0.png,tinggi,162.56964285714287,0.9660496278922988,0.7903660458259565,0.8561103692684414,1606,0.0317234567901234,tinggi
tinggi_clahe_11_orig_r270.png,tinggi,286.32452380952384,0.940218897885182,0.7866500717976093,0.8451101059644196,1608,0.0317629629629629,tinggi
tinggi_clahe_12_flipH_r0.png,tinggi,225.5047023809524,0.9570993158922624,0.7812397312250305,0.8412287958665209,1877,0.0370765432098765,tinggi
tinggi_clahe_12_flipH_r270.png,tinggi,313.6810714285715,0.9403250202120736,0.7771908536468071,0.8298163113275354,1870,0.0369382716049382,tinggi
tinggi_clahe_12_flipV_r0.png,tinggi,225.5047023809524,0.9570993158922624,0.7812397312250305,0.8412287958665209,1864,0.0368197530864197,tinggi
tinggi_clahe_12_flipV_r270.png,tinggi,313.6810714285715,0.9403250202120736,0.7771908536468071,0.8298163113275354,1871,0.036958024691358,tinggi
tinggi_clahe_12_flipV_r90.png,tinggi,313.6810714285715,0.9403250202120736,0.7771908536468071,0.8298163113275354,1870,0.0369382716049382,tinggi
tinggi_clahe_12_orig_r0.png,tinggi,225.5047023809524,0.9570993158922624,0.7812397312250305,0.8412287958665209,1870,0.0369382716049382,tinggi
tinggi_clahe_12_orig_r270.png,tinggi,313.6810714285715,0.9403250202120736,0.7771908536468071,0.8298163113275354,1877,0.0370765432098765,tinggi
tinggi_clahe_13_flipH_r270.png,tinggi,267.6861904761904,0.948509347004134,0.8068142762888695,0.849558058150072,1602,0.0316444444444444,tinggi
tinggi_clahe_13_flipV_r90.png,tinggi,267.6861904761904,0.948509347004134,0.8068142762888695,0.849558058150072,1602,0.0316444444444444,tinggi
tinggi_clahe_13_orig_r270.png,tinggi,267.6861904761904,0.948509347004134,0.8068142762888695,0.849558058150072,1603,0.0316641975308642,tinggi
tinggi_clahe_14_flipH_r270.png,tinggi,310.11857142857144,0.9421629617157908,0.7919947491700309,0.8422104133582721,1940,0.0383209876543209,tinggi
tinggi_clahe_14_flipV_r0.png,tinggi,179.28468253968254,0.9665633129700636,0.7958943816046299,0.8534804571845032,1930,0.0381234567901234,tinggi
tinggi_clahe_14_flipV_r270.png,tinggi,310.11857142857144,0.9421629617157908,0.7919947491700309,0.8422104133582721,1930,0.0381234567901234,tinggi
tinggi_clahe_14_flipV_r90.png,tinggi,310.11857142857144,0.9421629617157908,0.7919947491700309,0.8422104133582721,1940,0.0383209876543209,tinggi
tinggi_clahe_14_orig_r0.png,tinggi,179.28468253968254,0.9665633129700636,0.7958943816046299,0.8534804571845032,1940,0.0383209876543209,tinggi
tinggi_clahe_14_orig_r270.png,tinggi,310.11857142857144,0.9421629617157908,0.7919947491700309,0.8422104133582721,1940,0.0383209876543209,tinggi
tinggi_clahe_15_flipH_r270.png,tinggi,196.9888492063492,0.966236864827218,0.797603678260476,0.8405066771985121,1767,0.0349037037037037,tinggi
tinggi_clahe_15_flipH_r90.png,tinggi,196.9888492063492,0.966236864827218,0.797603678260476,0.8405066771985121,1772,0.0350024691358024,tinggi
tinggi_clahe_15_flipV_r0.png,tinggi,124.350753968254,0.9786866977335528,0.8013849973820559,0.8505533074770851,1764,0.0348444444444444,tinggi
tinggi_clahe_15_flipV_r90.png,tinggi,196.9888492063492,0.966236864827218,0.797603678260476,0.8405066771985121,1767,0.0349037037037037,tinggi
tinggi_clahe_15_orig_r0.png,tinggi,124.350753968254,0.9786866977335528,0.8013849973820559,0.8505533074770851,1767,0.0349037037037037,tinggi
tinggi_clahe_15_orig_r270.png,tinggi,196.9888492063492,0.966236864827218,0.797603678260476,0.8405066771985121,1775,0.0350617283950617,tinggi
tinggi_clahe_16_flipV_r270.png,tinggi,245.3054365079365,0.9545154960412806,0.7870792398009787,0.8458248642613655,1856,0.0366617283950617,tinggi
tinggi_clahe_16_orig_r0.png,tinggi,168.0413888888889,0.9688416622293232,0.7907891203341612,0.8556077681082535,1856,0.0366617283950617,tinggi
tinggi_clahe_16_orig_r90.png,tinggi,245.3054365079365,0.9545154960412806,0.7870792398009787,0.8458248642613655,1854,0.0366222222222222,tinggi
tinggi_clahe_17_flipH_r0.png,tinggi,168.2612896825397,0.9731509843330036,0.7862617126809492,0.8438166125203806,1987,0.0392493827160493,tinggi
tinggi_clahe_17_flipH_r270.png,tinggi,233.0910317460317,0.9628063728179124,0.7818952348098687,0.8335574765069574,1982,0.0391506172839506,tinggi
tinggi_clahe_17_flipH_r90.png,tinggi,233.0910317460317,0.9628063728179124,0.7818952348098687,0.8335574765069574,1990,0.0393086419753086,tinggi
tinggi_clahe_17_flipV_r0.png,tinggi,168.2612896825397,0.9731509843330036,0.7862617126809492,0.8438166125203806,1985,0.0392098765432098,tinggi
tinggi_clahe_17_flipV_r90.png,tinggi,233.0910317460317,0.9628063728179124,0.7818952348098687,0.8335574765069574,1982,0.0391506172839506,tinggi
tinggi_clahe_17_orig_r270.png,tinggi,233.0910317460317,0.9628063728179124,0.7818952348098687,0.8335574765069574,1987,0.0392493827160493,tinggi
tinggi_clahe_17_orig_r90.png,tinggi,233.0910317460317,0.9628063728179124,0.7818952348098687,0.8335574765069574,1985,0.0392098765432098,tinggi
tinggi_clahe_18_flipH_r0.png,tinggi,156.85242063492063,0.9716765420122928,0.7933701248509323,0.8559271509020355,1809,0.0357333333333333,tinggi
tinggi_clahe_18_flipH_r270.png,tinggi,200.0456746031746,0.963877108081966,0.789713268375969,0.8476075021649111,1808,0.0357135802469135,tinggi
tinggi_clahe_18_flipH_r90.png,tinggi,200.0456746031746,0.963877108081966,0.789713268375969,0.8476075021649111,1812,0.0357925925925925,tinggi
tinggi_clahe_18_flipV_r0.png,tinggi,156.85242063492063,0.9716765420122928,0.7933701248509323,0.8559271509020355,1811,0.0357728395061728,tinggi
tinggi_clahe_18_flipV_r270.png,tinggi,200.0456746031746,0.963877108081966,0.789713268375969,0.8476075021649111,1812,0.0357925925925925,tinggi
tinggi_clahe_18_flipV_r90.png,tinggi,200.0456746031746,0.963877108081966,0.789713268375969,0.8476075021649111,1808,0.0357135802469135,tinggi
tinggi_clahe_18_orig_r0.png,tinggi,156.85242063492063,0.9716765420122928,0.7933701248509323,0.8559271509020355,1808,0.0357135802469135,tinggi
tinggi_clahe_18_orig_r270.png,tinggi,200.0456746031746,0.963877108081966,0.789713268375969,0.8476075021649111,1809,0.0357333333333333,tinggi
tinggi_clahe_19_flipH_r0.png,tinggi,127.01301587301587,0.9766146160893164,0.7978582752475233,0.8653290658541584,1665,0.0328888888888888,tinggi
tinggi_clahe_19_flipH_r270.png,tinggi,199.7678571428572,0.9632192814620388,0.7945025020708245,0.8546965478981371,1672,0.0330271604938271,tinggi
tinggi_clahe_19_flipH_r90.png,tinggi,199.7678571428572,0.9632192814620388,0.7945025020708245,0.8546965478981371,1663,0.0328493827160493,tinggi
tinggi_clahe_19_flipV_r0.png,tinggi,127.01301587301587,0.9766146160893164,0.7978582752475233,0.8653290658541584,1670,0.0329876543209876,tinggi
tinggi_clahe_19_flipV_r90.png,tinggi,199.7678571428572,0.9632192814620388,0.7945025020708245,0.8546965478981371,1672,0.0330271604938271,tinggi
tinggi_clahe_19_orig_r0.png,tinggi,127.01301587301587,0.9766146160893164,0.7978582752475233,0.8653290658541584,1672,0.0330271604938271,tinggi
tinggi_clahe_19_orig_r270.png,tinggi,199.7678571428572,0.9632192814620388,0.7945025020708245,0.8546965478981371,1665,0.0328888888888888,tinggi
tinggi_clahe_19_orig_r90.png,tinggi,199.7678571428572,0.9632192814620388,0.7945025020708245,0.8546965478981371,1670,0.0329876543209876,tinggi
tinggi_clahe_20_flipH_r0.png,tinggi,112.35936507936508,0.9777821424828316,0.7878501919111874,0.8654995751254352,1643,0.0324543209876543,tinggi
tinggi_clahe_20_flipH_r90.png,tinggi,219.1415476190476,0.956667226661572,0.783845090779102,0.8547497641451339,1651,0.0326123456790123,tinggi
tinggi_clahe_20_flipV_r270.png,tinggi,219.1415476190476,0.956667226661572,0.783845090779102,0.8547497641451339,1651,0.0326123456790123,tinggi
tinggi_clahe_20_orig_r0.png,tinggi,112.35936507936508,0.9777821424828316,0.7878501919111874,0.8654995751254352,1642,0.0324345679012345,tinggi
tinggi_clahe_20_orig_r270.png,tinggi,219.1415476190476,0.956667226661572,0.783845090779102,0.8547497641451339,1643,0.0324543209876543,tinggi
tinggi_clahe_20_orig_r90.png,tinggi,219.1415476190476,0.956667226661572,0.783845090779102,0.8547497641451339,1650,0.0325925925925925,tinggi
tinggi_clahe_21_flipH_r0.png,tinggi,130.863373015873,0.9771862610791912,0.8156438606929758,0.8611287857980099,1719,0.0339555555555555,tinggi
tinggi_clahe_21_flipH_r90.png,tinggi,254.70246031746024,0.9555972544246256,0.8118320861222295,0.8497476115070038,1715,0.0338765432098765,tinggi
tinggi_clahe_21_flipV_r270.png,tinggi,254.70246031746024,0.9555972544246256,0.8118320861222295,0.8497476115070038,1715,0.0338765432098765,tinggi
tinggi_clahe_21_orig_r270.png,tinggi,254.70246031746024,0.9555972544246256,0.8118320861222295,0.8497476115070038,1719,0.0339555555555555,tinggi
tinggi_clahe_21_orig_r90.png,tinggi,254.70246031746024,0.9555972544246256,0.8118320861222295,0.8497476115070038,1718,0.0339358024691358,tinggi
tinggi_clahe_22_flipH_r270.png,tinggi,164.73503968253965,0.9690569822937828,0.8179180468377669,0.8643075629883477,1407,0.0277925925925925,tinggi
tinggi_clahe_22_flipH_r90.png,tinggi,164.73503968253965,0.9690569822937828,0.8179180468377669,0.8643075629883477,1401,0.027674074074074,tinggi
tinggi_clahe_22_flipV_r0.png,tinggi,101.02468253968252,0.9810239508639632,0.8214406046632226,0.8752423034296393,1396,0.0275753086419753,tinggi
tinggi_clahe_22_orig_r0.png,tinggi,101.02468253968252,0.9810239508639632,0.8214406046632226,0.8752423034296393,1407,0.0277925925925925,tinggi
tinggi_clahe_22_orig_r270.png,tinggi,164.73503968253965,0.9690569822937828,0.8179180468377669,0.8643075629883477,1412,0.0278913580246913,tinggi
tinggi_clahe_22_orig_r90.png,tinggi,164.73503968253965,0.9690569822937828,0.8179180468377669,0.8643075629883477,1396,0.0275753086419753,tinggi
tinggi_clahe_23_flipH_r0.png,tinggi,114.3876984126984,0.9802508489787852,0.8017990909510543,0.8604707709613646,1682,0.0332246913580246,tinggi
tinggi_clahe_23_flipH_r270.png,tinggi,189.245753968254,0.9673267781105732,0.7973684078186356,0.8492389626163859,1681,0.0332049382716049,tinggi
tinggi_clahe_23_flipH_r90.png,tinggi,189.245753968254,0.9673267781105732,0.7973684078186356,0.8492389626163859,1685,0.0332839506172839,tinggi
tinggi_clahe_23_flipV_r0.png,tinggi,114.3876984126984,0.9802508489787852,0.8017990909510543,0.8604707709613646,1684,0.0332641975308641,tinggi
tinggi_clahe_23_flipV_r90.png,tinggi,189.245753968254,0.9673267781105732,0.7973684078186356,0.8492389626163859,1681,0.0332049382716049,tinggi
tinggi_clahe_23_orig_r90.png,tinggi,189.245753968254,0.9673267781105732,0.7973684078186356,0.8492389626163859,1684,0.0332641975308641,tinggi
tinggi_clahe_24_flipH_r0.png,tinggi,80.49511904761904,0.9816085930152232,0.8487745688527097,0.8885226153532019,1326,0.0261925925925925,tinggi
tinggi_clahe_24_flipH_r270.png,tinggi,179.6954365079365,0.9589434496746378,0.8464699311636148,0.8803358192358062,1321,0.0260938271604938,tinggi
tinggi_clahe_24_flipH_r90.png,tinggi,179.6954365079365,0.9589434496746378,0.8464699311636148,0.8803358192358062,1326,0.0261925925925925,tinggi
tinggi_clahe_24_flipV_r0.png,tinggi,80.49511904761904,0.9816085930152232,0.8487745688527097,0.8885226153532019,1321,0.0260938271604938,tinggi
tinggi_clahe_24_flipV_r270.png,tinggi,179.6954365079365,0.9589434496746378,0.8464699311636148,0.8803358192358062,1326,0.0261925925925925,tinggi
tinggi_clahe_24_flipV_r90.png,tinggi,179.6954365079365,0.9589434496746378,0.8464699311636148,0.8803358192358062,1321,0.0260938271604938,tinggi
tinggi_clahe_24_orig_r0.png,tinggi,80.49511904761904,0.9816085930152232,0.8487745688527097,0.8885226153532019,1321,0.0260938271604938,tinggi
tinggi_clahe_24_orig_r90.png,tinggi,179.6954365079365,0.9589434496746378,0.8464699311636148,0.8803358192358062,1321,0.0260938271604938,tinggi
tinggi_clahe_25_flipH_r270.png,tinggi,181.50757936507927,0.964157398639817,0.8336560382349927,0.8750043025500613,1515,0.0299259259259259,tinggi
tinggi_clahe_25_flipH_r90.png,tinggi,181.50757936507927,0.964157398639817,0.8336560382349927,0.8750043025500613,1509,0.0298074074074074,tinggi
tinggi_clahe_25_flipV_r270.png,tinggi,181.50757936507927,0.964157398639817,0.8336560382349927,0.8750043025500613,1509,0.0298074074074074,tinggi
tinggi_clahe_25_flipV_r90.png,tinggi,181.50757936507927,0.964157398639817,0.8336560382349927,0.8750043025500613,1515,0.0299259259259259,tinggi
tinggi_clahe_25_orig_r0.png,tinggi,121.7629365079365,0.97595527190123,0.836348309532931,0.882654157782535,1515,0.0299259259259259,tinggi
tinggi_clahe_25_orig_r270.png,tinggi,181.50757936507927,0.964157398639817,0.8336560382349927,0.8750043025500613,1513,0.0298864197530864,tinggi
tinggi_clahe_25_orig_r90.png,tinggi,181.50757936507927,0.964157398639817,0.8336560382349927,0.8750043025500613,1511,0.0298469135802469,tinggi
tinggi_clahe_26_flipH_r0.png,tinggi,103.02718253968254,0.9795268314785212,0.8283037840568627,0.8804609955917342,1468,0.0289975308641975,tinggi
tinggi_clahe_26_flipH_r270.png,tinggi,179.24694444444447,0.9643808656501076,0.8246878718514271,0.8697473489212082,1464,0.0289185185185185,tinggi
tinggi_clahe_26_flipH_r90.png,tinggi,179.24694444444447,0.9643808656501076,0.8246878718514271,0.8697473489212082,1463,0.0288987654320987,tinggi
tinggi_clahe_26_flipV_r0.png,tinggi,103.02718253968254,0.9795268314785212,0.8283037840568627,0.8804609955917342,1459,0.0288197530864197,tinggi
tinggi_clahe_26_flipV_r90.png,tinggi,179.24694444444447,0.9643808656501076,0.8246878718514271,0.8697473489212082,1464,0.0289185185185185,tinggi
tinggi_clahe_26_orig_r0.png,tinggi,103.02718253968254,0.9795268314785212,0.8283037840568627,0.8804609955917342,1464,0.0289185185185185,tinggi
tinggi_clahe_26_orig_r90.png,tinggi,179.24694444444447,0.9643808656501076,0.8246878718514271,0.8697473489212082,1459,0.0288197530864197,tinggi
tinggi_clahe_27_flipV_r0.png,tinggi,111.89769841269845,0.9790079636210008,0.8101308877847891,0.8671155548099387,1548,0.0305777777777777,sedang
tinggi_clahe_27_flipV_r270.png,tinggi,202.16801587301583,0.96207337540116,0.8064904104645025,0.8578638517639753,1549,0.0305975308641975,sedang
tinggi_clahe_27_flipV_r90.png,tinggi,202.16801587301583,0.96207337540116,0.8064904104645025,0.8578638517639753,1549,0.0305975308641975,sedang
tinggi_clahe_27_orig_r0.png,tinggi,111.89769841269845,0.9790079636210008,0.8101308877847891,0.8671155548099387,1549,0.0305975308641975,sedang
tinggi_clahe_27_orig_r270.png,tinggi,202.16801587301583,0.96207337540116,0.8064904104645025,0.8578638517639753,1550,0.0306172839506172,sedang
tinggi_clahe_27_orig_r90.png,tinggi,202.16801587301583,0.96207337540116,0.8064904104645025,0.8578638517639753,1548,0.0305777777777777,sedang
tinggi_clahe_28_flipH_r0.png,tinggi,130.71789682539685,0.9754827824493184,0.7931356058518414,0.8613021276662558,1692,0.0334222222222222,tinggi
tinggi_clahe_28_flipH_r270.png,tinggi,223.48805555555555,0.9580829755442504,0.7897444820216606,0.851517378871757,1691,0.0334024691358024,tinggi
tinggi_clahe_28_flipH_r90.png,tinggi,223.48805555555555,0.9580829755442504,0.7897444820216606,0.851517378871757,1683,0.0332444444444444,tinggi
tinggi_clahe_28_flipV_r0.png,tinggi,130.71789682539685,0.9754827824493184,0.7931356058518414,0.8613021276662558,1682,0.0332246913580246,tinggi
tinggi_clahe_28_flipV_r270.png,tinggi,223.48805555555555,0.9580829755442504,0.7897444820216606,0.851517378871757,1683,0.0332444444444444,tinggi
tinggi_clahe_28_flipV_r90.png,tinggi,223.48805555555555,0.9580829755442504,0.7897444820216606,0.851517378871757,1691,0.0334024691358024,tinggi
tinggi_clahe_28_orig_r0.png,tinggi,130.71789682539685,0.9754827824493184,0.7931356058518414,0.8613021276662558,1691,0.0334024691358024,tinggi
tinggi_clahe_28_orig_r270.png,tinggi,223.48805555555555,0.9580829755442504,0.7897444820216606,0.851517378871757,1692,0.0334222222222222,tinggi
tinggi_clahe_28_orig_r90.png,tinggi,223.48805555555555,0.9580829755442504,0.7897444820216606,0.851517378871757,1682,0.0332246913580246,tinggi
tinggi_clahe_29_flipH_r0.png,tinggi,125.34123015873016,0.971487657521908,0.8257854408434556,0.88270163793282,1463,0.0288987654320987,sedang
tinggi_clahe_29_flipH_r270.png,tinggi,216.32369047619048,0.9507913621207082,0.8227703025784224,0.8742882499212561,1459,0.0288197530864197,sedang
tinggi_clahe_29_flipH_r90.png,tinggi,216.32369047619048,0.9507913621207082,0.8227703025784224,0.8742882499212561,1461,0.0288592592592592,sedang
tinggi_clahe_29_flipV_r270.png,tinggi,216.32369047619048,0.9507913621207082,0.8227703025784224,0.8742882499212561,1461,0.0288592592592592,sedang
tinggi_clahe_29_flipV_r90.png,tinggi,216.32369047619048,0.9507913621207082,0.8227703025784224,0.8742882499212561,1459,0.0288197530864197,sedang
tinggi_clahe_29_orig_r270.png,tinggi,216.32369047619048,0.9507913621207082,0.8227703025784224,0.8742882499212561,1463,0.0288987654320987,sedang
tinggi_clahe_30_flipH_r0.png,tinggi,166.21825396825398,0.9710987729886528,0.7634179043045899,0.8425418503277287,1900,0.0375308641975308,tinggi
tinggi_clahe_30_flipH_r270.png,tinggi,239.7136507936508,0.958319548335646,0.7581363065627094,0.8314814950147361,1900,0.0375308641975308,tinggi
tinggi_clahe_30_flipH_r90.png,tinggi,239.7136507936508,0.958319548335646,0.7581363065627094,0.8314814950147361,1899,0.0375111111111111,tinggi
tinggi_clahe_30_flipV_r0.png,tinggi,166.21825396825398,0.9710987729886528,0.7634179043045899,0.8425418503277287,1899,0.0375111111111111,tinggi
tinggi_clahe_30_flipV_r270.png,tinggi,239.7136507936508,0.958319548335646,0.7581363065627094,0.8314814950147361,1899,0.0375111111111111,tinggi
tinggi_clahe_30_flipV_r90.png,tinggi,239.7136507936508,0.958319548335646,0.7581363065627094,0.8314814950147361,1900,0.0375308641975308,tinggi
tinggi_clahe_30_orig_r0.png,tinggi,166.21825396825398,0.9710987729886528,0.7634179043045899,0.8425418503277287,1900,0.0375308641975308,tinggi
tinggi_clahe_30_orig_r270.png,tinggi,239.7136507936508,0.958319548335646,0.7581363065627094,0.8314814950147361,1900,0.0375308641975308,tinggi
tinggi_clahe_31_flipH_r0.png,tinggi,93.24263888888888,0.9827154237521504,0.8115504734505027,0.8752504337640189,1659,0.0327703703703703,sedang
tinggi_clahe_31_flipH_r270.png,tinggi,222.83170634920637,0.9586930484341644,0.8084419393351333,0.8631760988796949,1658,0.0327506172839506,tinggi
tinggi_clahe_31_flipH_r90.png,tinggi,222.83170634920637,0.9586930484341644,0.8084419393351333,0.8631760988796949,1663,0.0328493827160493,tinggi
tinggi_clahe_31_flipV_r90.png,tinggi,222.83170634920637,0.9586930484341644,0.8084419393351333,0.8631760988796949,1658,0.0327506172839506,tinggi
tinggi_clahe_31_orig_r0.png,tinggi,93.24263888888888,0.9827154237521504,0.8115504734505027,0.8752504337640189,1658,0.0327506172839506,sedang
tinggi_clahe_31_orig_r270.png,tinggi,222.83170634920637,0.9586930484341644,0.8084419393351333,0.8631760988796949,1659,0.0327703703703703,tinggi
tinggi_clahe_32_flipH_r270.png,tinggi,211.305873015873,0.9550260851614126,0.7782688545018144,0.8462573504959346,1897,0.0374716049382716,tinggi
tinggi_clahe_32_flipH_r90.png,tinggi,211.305873015873,0.9550260851614126,0.7782688545018144,0.8462573504959346,1914,0.0378074074074074,tinggi
tinggi_clahe_32_flipV_r270.png,tinggi,211.305873015873,0.9550260851614126,0.7782688545018144,0.8462573504959346,1914,0.0378074074074074,tinggi
tinggi_clahe_32_orig_r0.png,tinggi,84.37587301587301,0.9820417053730408,0.7819262514094908,0.85726841845256,1897,0.0374716049382716,tinggi
tinggi_clahe_32_orig_r270.png,tinggi,211.305873015873,0.9550260851614126,0.7782688545018144,0.8462573504959346,1898,0.0374913580246913,tinggi
tinggi_clahe_33_flipH_r0.png,tinggi,127.01301587301587,0.9766146160893164,0.7978582752475233,0.8653290658541584,1665,0.0328888888888888,tinggi
tinggi_clahe_33_flipH_r270.png,tinggi,199.7678571428572,0.9632192814620388,0.7945025020708245,0.8546965478981371,1672,0.0330271604938271,tinggi
tinggi_clahe_33_flipH_r90.png,tinggi,199.7678571428572,0.9632192814620388,0.7945025020708245,0.8546965478981371,1663,0.0328493827160493,tinggi
tinggi_clahe_33_flipV_r270.png,tinggi,199.7678571428572,0.9632192814620388,0.7945025020708245,0.8546965478981371,1663,0.0328493827160493,tinggi
tinggi_clahe_33_flipV_r90.png,tinggi,199.7678571428572,0.9632192814620388,0.7945025020708245,0.8546965478981371,1672,0.0330271604938271,tinggi
tinggi_clahe_33_orig_r0.png,tinggi,127.01301587301587,0.9766146160893164,0.7978582752475233,0.8653290658541584,1672,0.0330271604938271,tinggi
tinggi_clahe_33_orig_r90.png,tinggi,199.7678571428572,0.9632192814620388,0.7945025020708245,0.8546965478981371,1670,0.0329876543209876,tinggi
tinggi_clahe_34_flipH_r0.png,tinggi,130.863373015873,0.9771862610791912,0.8156438606929758,0.8611287857980099,1719,0.0339555555555555,tinggi
tinggi_clahe_34_flipH_r270.png,tinggi,254.70246031746024,0.9555972544246256,0.8118320861222295,0.8497476115070038,1722,0.0340148148148148,tinggi
tinggi_clahe_34_flipH_r90.png,tinggi,254.70246031746024,0.9555972544246256,0.8118320861222295,0.8497476115070038,1715,0.0338765432098765,tinggi
tinggi_clahe_34_flipV_r0.png,tinggi,130.863373015873,0.9771862610791912,0.8156438606929758,0.8611287857980099,1718,0.0339358024691358,tinggi
tinggi_clahe_34_orig_r0.png,tinggi,130.863373015873,0.9771862610791912,0.8156438606929758,0.8611287857980099,1722,0.0340148148148148,tinggi
tinggi_clahe_35_flipH_r0.png,tinggi,94.32954365079368,0.983878342853038,0.7910738728956469,0.8680856267269172,1750,0.0345679012345679,rendah
tinggi_clahe_35_flipH_r270.png,tinggi,231.65746031746036,0.9604090581944468,0.7870222322398178,0.8526437664317369,1755,0.0346666666666666,rendah
tinggi_clahe_35_flipV_r270.png,tinggi,231.65746031746036,0.9604090581944468,0.7870222322398178,0.8526437664317369,1745,0.0344691358024691,rendah
tinggi_clahe_35_flipV_r90.png,tinggi,231.65746031746036,0.9604090581944468,0.7870222322398178,0.8526437664317369,1755,0.0346666666666666,rendah
tinggi_clahe_35_orig_r0.png,tinggi,94.32954365079368,0.983878342853038,0.7910738728956469,0.8680856267269172,1755,0.0346666666666666,rendah
tinggi_clahe_35_orig_r270.png,tinggi,231.65746031746036,0.9604090581944468,0.7870222322398178,0.8526437664317369,1750,0.0345679012345679,rendah
tinggi_clahe_36_flipH_r0.png,tinggi,57.59446428571429,0.9887343140430646,0.7909019045279755,0.8700843978035685,1558,0.0307753086419753,tinggi
tinggi_clahe_36_flipH_r270.png,tinggi,215.06301587301587,0.9579532691849348,0.7867725351970147,0.854720293259196,1558,0.0307753086419753,tinggi
tinggi_clahe_36_flipH_r90.png,tinggi,215.06301587301587,0.9579532691849348,0.7867725351970147,0.854720293259196,1554,0.0306962962962962,tinggi
tinggi_clahe_36_flipV_r0.png,tinggi,57.59446428571429,0.9887343140430646,0.7909019045279755,0.8700843978035685,1554,0.0306962962962962,tinggi
tinggi_clahe_36_flipV_r90.png,tinggi,215.06301587301587,0.9579532691849348,0.7867725351970147,0.854720293259196,1558,0.0307753086419753,tinggi
tinggi_clahe_36_orig_r0.png,tinggi,57.59446428571429,0.9887343140430646,0.7909019045279755,0.8700843978035685,1558,0.0307753086419753,tinggi
tinggi_clahe_36_orig_r270.png,tinggi,215.06301587301587,0.9579532691849348,0.7867725351970147,0.854720293259196,1558,0.0307753086419753,tinggi
tinggi_clahe_36_orig_r90.png,tinggi,215.06301587301587,0.9579532691849348,0.7867725351970147,0.854720293259196,1554,0.0306962962962962,tinggi
tinggi_clahe_37_flipH_r0.png,tinggi,51.543353174603176,0.990126055223943,0.7978937542717992,0.8689344371051003,1655,0.0326913580246913,rendah
tinggi_clahe_37_flipH_r90.png,tinggi,154.16257936507932,0.97052976587881,0.7937184153979685,0.849154462549748,1655,0.0326913580246913,rendah
tinggi_clahe_37_flipV_r270.png,tinggi,154.16257936507932,0.97052976587881,0.7937184153979685,0.849154462549748,1655,0.0326913580246913,rendah
tinggi_clahe_37_flipV_r90.png,tinggi,154.16257936507932,0.97052976587881,0.7937184153979685,0.849154462549748,1656,0.0327111111111111,rendah
tinggi_clahe_38_flipH_r270.png,tinggi,176.80531746031744,0.9665483112826972,0.8180626537234064,0.8616465716523372,1539,0.0304,sedang
tinggi_clahe_38_flipH_r90.png,tinggi,176.80531746031744,0.9665483112826972,0.8180626537234064,0.8616465716523372,1539,0.0304,sedang
tinggi_clahe_38_flipV_r0.png,tinggi,88.58323412698411,0.983239997020312,0.8211848770578498,0.8717587506430913,1542,0.0304592592592592,tinggi
tinggi_clahe_38_flipV_r270.png,tinggi,176.80531746031744,0.9665483112826972,0.8180626537234064,0.8616465716523372,1539,0.0304,sedang
tinggi_clahe_38_flipV_r90.png,tinggi,176.80531746031744,0.9665483112826972,0.8180626537234064,0.8616465716523372,1539,0.0304,sedang
tinggi_clahe_38_orig_r0.png,tinggi,88.58323412698411,0.983239997020312,0.8211848770578498,0.8717587506430913,1539,0.0304,tinggi
tinggi_clahe_38_orig_r90.png,tinggi,176.80531746031744,0.9665483112826972,0.8180626537234064,0.8616465716523372,1542,0.0304592592592592,sedang
tinggi_clahe_39_flipH_r270.png,tinggi,156.00873015873017,0.9683578322314784,0.769735620997881,0.8465928518702271,1773,0.0350222222222222,tinggi
tinggi_clahe_39_flipV_r0.png,tinggi,68.05432539682539,0.9861904714298744,0.7745346855241911,0.8616715790234253,1780,0.0351604938271604,tinggi
tinggi_clahe_39_orig_r270.png,tinggi,156.00873015873017,0.9683578322314784,0.769735620997881,0.8465928518702271,1770,0.0349629629629629,tinggi
tinggi_clahe_40_flipV_r0.png,tinggi,97.15371031746034,0.980194785940188,0.781481036384938,0.8570667963862603,1843,0.0364049382716049,tinggi
tinggi_clahe_40_flipV_r90.png,tinggi,189.41817460317455,0.9614038777512608,0.7775625981648941,0.8439529885976609,1839,0.0363259259259259,tinggi
tinggi_clahe_40_orig_r0.png,tinggi,97.15371031746034,0.980194785940188,0.781481036384938,0.8570667963862603,1839,0.0363259259259259,tinggi
tinggi_clahe_40_orig_r270.png,tinggi,189.41817460317455,0.9614038777512608,0.7775625981648941,0.8439529885976609,1834,0.0362271604938271,tinggi
tinggi_clahe_40_orig_r90.png,tinggi,189.41817460317455,0.9614038777512608,0.7775625981648941,0.8439529885976609,1843,0.0364049382716049,tinggi
sedang_clahe_01_flipH_r0.png,sedang,94.57700396825396,0.9824645133981252,0.7954028454879278,0.8692089314935711,1188,0.0234666666666666,rendah
sedang_clahe_01_flipH_r90.png,sedang,189.57051587301584,0.9648554684938352,0.7913484097678872,0.8570762258640985,1175,0.0232098765432098,tinggi
sedang_clahe_01_flipV_r0.png,sedang,94.57700396825396,0.9824645133981252,0.7954028454879278,0.8692089314935711,1175,0.0232098765432098,rendah
sedang_clahe_01_flipV_r90.png,sedang,189.57051587301584,0.9648554684938352,0.7913484097678872,0.8570762258640985,1188,0.0234666666666666,tinggi
sedang_clahe_01_orig_r0.png,sedang,94.57700396825396,0.9824645133981252,0.7954028454879278,0.8692089314935711,1188,0.0234666666666666,rendah
sedang_clahe_01_orig_r270.png,sedang,189.57051587301584,0.9648554684938352,0.7913484097678872,0.8570762258640985,1188,0.0234666666666666,tinggi
sedang_clahe_01_orig_r90.png,sedang,189.57051587301584,0.9648554684938352,0.7913484097678872,0.8570762258640985,1175,0.0232098765432098,tinggi
sedang_clahe_02_flipH_r0.png,sedang,107.5300396825397,0.9761602950378409,0.8116648479543136,0.8750536466523089,1303,0.0257382716049382,sedang
sedang_clahe_02_flipH_r270.png,sedang,240.72011904761905,0.9466455324602336,0.8070361585148947,0.8612922045016964,1304,0.025758024691358,sedang
sedang_clahe_02_flipH_r90.png,sedang,240.72011904761905,0.9466455324602336,0.8070361585148947,0.8612922045016964,1305,0.0257777777777777,sedang
sedang_clahe_02_flipV_r270.png,sedang,240.72011904761905,0.9466455324602336,0.8070361585148947,0.8612922045016964,1305,0.0257777777777777,sedang
sedang_clahe_02_orig_r0.png,sedang,107.5300396825397,0.9761602950378409,0.8116648479543136,0.8750536466523089,1304,0.025758024691358,sedang
sedang_clahe_02_orig_r270.png,sedang,240.72011904761905,0.9466455324602336,0.8070361585148947,0.8612922045016964,1303,0.0257382716049382,sedang
sedang_clahe_02_orig_r90.png,sedang,240.72011904761905,0.9466455324602336,0.8070361585148947,0.8612922045016964,1306,0.0257975308641975,sedang
sedang_clahe_03_flipV_r90.png,sedang,287.13404761904764,0.942964331511987,0.7884554228201907,0.8468753440276703,1524,0.0301037037037037,tinggi
sedang_clahe_03_orig_r0.png,sedang,138.43132936507936,0.9724637453588816,0.7930529376403808,0.8608813401549194,1524,0.0301037037037037,tinggi
sedang_clahe_03_orig_r270.png,sedang,287.13404761904764,0.942964331511987,0.7884554228201907,0.8468753440276703,1525,0.0301234567901234,tinggi
sedang_clahe_04_flipH_r0.png,sedang,107.27200396825396,0.979173769735612,0.7823438730286509,0.8538585812602645,1691,0.0334024691358024,rendah
sedang_clahe_04_flipH_r270.png,sedang,303.0851587301587,0.9411633166662536,0.7783545581649634,0.8402030660229143,1698,0.0335407407407407,sedang
sedang_clahe_04_flipH_r90.png,sedang,303.0851587301587,0.9411633166662536,0.7783545581649634,0.8402030660229143,1678,0.0331456790123456,sedang
sedang_clahe_04_flipV_r0.png,sedang,107.27200396825396,0.979173769735612,0.7823438730286509,0.8538585812602645,1685,0.0332839506172839,rendah
sedang_clahe_04_flipV_r270.png,sedang,303.0851587301587,0.9411633166662536,0.7783545581649634,0.8402030660229143,1678,0.0331456790123456,sedang
sedang_clahe_04_flipV_r90.png,sedang,303.0851587301587,0.9411633166662536,0.7783545581649634,0.8402030660229143,1698,0.0335407407407407,sedang
sedang_clahe_04_orig_r0.png,sedang,107.27200396825396,0.979173769735612,0.7823438730286509,0.8538585812602645,1698,0.0335407407407407,rendah
sedang_clahe_04_orig_r270.png,sedang,303.0851587301587,0.9411633166662536,0.7783545581649634,0.8402030660229143,1691,0.0334024691358024,sedang
sedang_clahe_05_flipH_r0.png,sedang,114.54327380952378,0.9785067386761808,0.8009527505677065,0.8634427120895602,1604,0.0316839506172839,sedang
sedang_clahe_05_flipH_r270.png,sedang,207.28615079365085,0.9611041541046084,0.7968990009057347,0.8529355154398941,1601,0.0316246913580246,rendah
sedang_clahe_05_flipV_r0.png,sedang,114.54327380952378,0.9785067386761808,0.8009527505677065,0.8634427120895602,1605,0.0317037037037037,sedang
sedang_clahe_05_flipV_r270.png,sedang,207.28615079365085,0.9611041541046084,0.7968990009057347,0.8529355154398941,1608,0.0317629629629629,rendah
sedang_clahe_05_flipV_r90.png,sedang,207.28615079365085,0.9611041541046084,0.7968990009057347,0.8529355154398941,1601,0.0316246913580246,rendah
sedang_clahe_05_orig_r0.png,sedang,114.54327380952378,0.9785067386761808,0.8009527505677065,0.8634427120895602,1601,0.0316246913580246,sedang
sedang_clahe_05_orig_r270.png,sedang,207.28615079365085,0.9611041541046084,0.7968990009057347,0.8529355154398941,1604,0.0316839506172839,rendah
sedang_clahe_05_orig_r90.png,sedang,207.28615079365085,0.9611041541046084,0.7968990009057347,0.8529355154398941,1605,0.0317037037037037,rendah
sedang_clahe_06_flipH_r0.png,sedang,107.38742063492064,0.9793472106835284,0.8121339476212103,0.8680054776229631,1487,0.0293728395061728,sedang
sedang_clahe_06_flipH_r270.png,sedang,203.41531746031745,0.9608793728103306,0.8079640103091457,0.858589384139167,1510,0.0298271604938271,sedang
sedang_clahe_06_flipV_r0.png,sedang,107.38742063492064,0.9793472106835284,0.8121339476212103,0.8680054776229631,1509,0.0298074074074074,sedang
sedang_clahe_06_flipV_r270.png,sedang,203.41531746031745,0.9608793728103306,0.8079640103091457,0.858589384139167,1486,0.029353086419753,sedang
sedang_clahe_06_flipV_r90.png,sedang,203.41531746031745,0.9608793728103306,0.8079640103091457,0.858589384139167,1510,0.0298271604938271,sedang
sedang_clahe_06_orig_r0.png,sedang,107.38742063492064,0.9793472106835284,0.8121339476212103,0.8680054776229631,1510,0.0298271604938271,sedang
sedang_clahe_07_flipH_r90.png,sedang,218.0228571428572,0.9624793587190926,0.7656876572203756,0.8336721092673728,1899,0.0375111111111111,sedang
sedang_clahe_07_flipV_r270.png,sedang,218.0228571428572,0.9624793587190926,0.7656876572203756,0.8336721092673728,1899,0.0375111111111111,sedang
sedang_clahe_07_orig_r0.png,sedang,117.62656746031746,0.9797569327817608,0.7702215689747958,0.8461735913771101,1941,0.0383407407407407,sedang
sedang_clahe_07_orig_r270.png,sedang,218.0228571428572,0.9624793587190926,0.7656876572203756,0.8336721092673728,1947,0.0384592592592592,sedang
sedang_clahe_07_orig_r90.png,sedang,218.0228571428572,0.9624793587190926,0.7656876572203756,0.8336721092673728,1893,0.0373925925925925,sedang
sedang_clahe_08_flipH_r0.png,sedang,131.07896825396824,0.9768648546396812,0.7801554988811477,0.8478031693702095,1877,0.0370765432098765,sedang
sedang_clahe_08_flipH_r270.png,sedang,286.63107142857143,0.9494104620545094,0.7763865645209591,0.8374070362186637,1876,0.0370567901234567,sedang
sedang_clahe_08_flipV_r270.png,sedang,286.63107142857143,0.9494104620545094,0.7763865645209591,0.8374070362186637,1870,0.0369382716049382,sedang
sedang_clahe_08_orig_r0.png,sedang,131.07896825396824,0.9768648546396812,0.7801554988811477,0.8478031693702095,1876,0.0370567901234567,sedang
sedang_clahe_08_orig_r270.png,sedang,286.63107142857143,0.9494104620545094,0.7763865645209591,0.8374070362186637,1877,0.0370765432098765,sedang
sedang_clahe_08_orig_r90.png,sedang,286.63107142857143,0.9494104620545094,0.7763865645209591,0.8374070362186637,1869,0.0369185185185185,sedang
sedang_clahe_09_flipH_r0.png,sedang,116.31984126984128,0.9782316809665246,0.8132532293130059,0.8676489108641066,1375,0.0271604938271604,sedang
sedang_clahe_09_flipH_r270.png,sedang,197.5261904761905,0.9630347126821256,0.8097915953856858,0.8580330959751218,1375,0.0271604938271604,sedang
sedang_clahe_09_flipH_r90.png,sedang,197.5261904761905,0.9630347126821256,0.8097915953856858,0.8580330959751218,1368,0.0270222222222222,sedang
sedang_clahe_09_flipV_r90.png,sedang,197.5261904761905,0.9630347126821256,0.8097915953856858,0.8580330959751218,1375,0.0271604938271604,sedang
sedang_clahe_09_orig_r0.png,sedang,116.31984126984128,0.9782316809665246,0.8132532293130059,0.8676489108641066,1375,0.0271604938271604,sedang
sedang_clahe_09_orig_r90.png,sedang,197.5261904761905,0.9630347126821256,0.8097915953856858,0.8580330959751218,1368,0.0270222222222222,sedang
sedang_clahe_10_flipV_r0.png,sedang,91.62896825396824,0.9798143981478712,0.805435077784094,0.872435061957194,1524,0.0301037037037037,sedang
sedang_clahe_10_flipV_r270.png,sedang,148.76222222222222,0.96722823685532,0.8017476941037186,0.8605524519739984,1528,0.0301827160493827,rendah
sedang_clahe_10_flipV_r90.png,sedang,148.76222222222222,0.96722823685532,0.8017476941037186,0.8605524519739984,1524,0.0301037037037037,rendah
sedang_clahe_10_orig_r0.png,sedang,91.62896825396824,0.9798143981478712,0.805435077784094,0.872435061957194,1524,0.0301037037037037,sedang
sedang_clahe_10_orig_r270.png,sedang,148.76222222222222,0.96722823685532,0.8017476941037186,0.8605524519739984,1528,0.0301827160493827,rendah
sedang_clahe_10_orig_r90.png,sedang,148.76222222222222,0.96722823685532,0.8017476941037186,0.8605524519739984,1524,0.0301037037037037,rendah
sedang_clahe_11_flipH_r90.png,sedang,207.20003968253965,0.956475986430167,0.8211399408321142,0.8708645259616115,1512,0.0298666666666666,sedang
sedang_clahe_11_flipV_r0.png,sedang,108.82900793650794,0.9771395147266876,0.8249120041903527,0.8813058122275478,1514,0.0299061728395061,sedang
sedang_clahe_11_flipV_r270.png,sedang,207.20003968253965,0.956475986430167,0.8211399408321142,0.8708645259616115,1512,0.0298666666666666,sedang
sedang_clahe_11_flipV_r90.png,sedang,207.20003968253965,0.956475986430167,0.8211399408321142,0.8708645259616115,1512,0.0298666666666666,sedang
sedang_clahe_11_orig_r0.png,sedang,108.82900793650794,0.9771395147266876,0.8249120041903527,0.8813058122275478,1512,0.0298666666666666,sedang
sedang_clahe_11_orig_r270.png,sedang,207.20003968253965,0.956475986430167,0.8211399408321142,0.8708645259616115,1510,0.0298271604938271,sedang
sedang_clahe_12_flipH_r0.png,sedang,115.77410714285716,0.9747140126402116,0.8263253684213772,0.8765235614358221,1571,0.031032098765432,sedang
sedang_clahe_12_flipH_r270.png,sedang,244.20519841269845,0.946663607382211,0.8232744260217144,0.8651436825154096,1564,0.0308938271604938,sedang
sedang_clahe_12_flipH_r90.png,sedang,244.20519841269845,0.946663607382211,0.8232744260217144,0.8651436825154096,1567,0.030953086419753,sedang
sedang_clahe_12_flipV_r270.png,sedang,244.20519841269845,0.946663607382211,0.8232744260217144,0.8651436825154096,1567,0.030953086419753,sedang
sedang_clahe_12_orig_r0.png,sedang,115.77410714285716,0.9747140126402116,0.8263253684213772,0.8765235614358221,1564,0.0308938271604938,sedang
sedang_clahe_12_orig_r270.png,sedang,244.20519841269845,0.946663607382211,0.8232744260217144,0.8651436825154096,1571,0.031032098765432,sedang
sedang_clahe_13_flipH_r0.png,sedang,132.39535714285716,0.9757764900743232,0.8114410123954665,0.8582674232924511,1738,0.0343308641975308,rendah
sedang_clahe_13_flipH_r270.png,sedang,216.56281746031743,0.9603770810614634,0.8074902737068753,0.8462252069532669,1732,0.0342123456790123,sedang
sedang_clahe_13_flipH_r90.png,sedang,216.56281746031743,0.9603770810614634,0.8074902737068753,0.8462252069532669,1740,0.0343703703703703,sedang
sedang_clahe_13_flipV_r270.png,sedang,216.56281746031743,0.9603770810614634,0.8074902737068753,0.8462252069532669,1740,0.0343703703703703,sedang
sedang_clahe_13_orig_r270.png,sedang,216.56281746031743,0.9603770810614634,0.8074902737068753,0.8462252069532669,1738,0.0343308641975308,sedang
sedang_clahe_14_flipH_r0.png,sedang,103.20837301587302,0.9783590472095444,0.8253203157505817,0.8794770610814211,1357,0.0268049382716049,sedang
sedang_clahe_14_flipH_r270.png,sedang,162.19222222222223,0.9659913181610736,0.8220633663554953,0.8700131846704046,1355,0.0267654320987654,sedang
sedang_clahe_14_flipH_r90.png,sedang,162.19222222222223,0.9659913181610736,0.8220633663554953,0.8700131846704046,1361,0.0268839506172839,sedang
sedang_clahe_14_flipV_r0.png,sedang,103.20837301587302,0.9783590472095444,0.8253203157505817,0.8794770610814211,1359,0.0268444444444444,sedang
sedang_clahe_14_flipV_r90.png,sedang,162.19222222222223,0.9659913181610736,0.8220633663554953,0.8700131846704046,1355,0.0267654320987654,sedang
sedang_clahe_14_orig_r0.png,sedang,103.20837301587302,0.9783590472095444,0.8253203157505817,0.8794770610814211,1355,0.0267654320987654,sedang
sedang_clahe_14_orig_r270.png,sedang,162.19222222222223,0.9659913181610736,0.8220633663554953,0.8700131846704046,1357,0.0268049382716049,sedang
sedang_clahe_14_orig_r90.png,sedang,162.19222222222223,0.9659913181610736,0.8220633663554953,0.8700131846704046,1359,0.0268444444444444,sedang
sedang_clahe_15_flipH_r0.png,sedang,94.71555555555555,0.9802855749888382,0.8108268686056597,0.8785227641596977,1372,0.0271012345679012,sedang
sedang_clahe_15_flipV_r0.png,sedang,94.71555555555555,0.9802855749888382,0.8108268686056597,0.8785227641596977,1380,0.0272592592592592,sedang
sedang_clahe_15_flipV_r90.png,sedang,202.0894841269842,0.9579365550073928,0.8070946447826366,0.8677432083165597,1375,0.0271604938271604,sedang
sedang_clahe_15_orig_r0.png,sedang,94.71555555555555,0.9802855749888382,0.8108268686056597,0.8785227641596977,1375,0.0271604938271604,sedang
sedang_clahe_16_flipH_r90.png,sedang,206.23083333333332,0.9470838576424248,0.8268719739562153,0.8832334495357881,1392,0.0274962962962962,sedang
sedang_clahe_16_flipV_r0.png,sedang,95.58650793650791,0.975473748616162,0.8299444323155661,0.8942266195594863,1393,0.027516049382716,sedang
sedang_clahe_16_flipV_r90.png,sedang,206.23083333333332,0.9470838576424248,0.8268719739562153,0.8832334495357881,1378,0.0272197530864197,sedang
sedang_clahe_16_orig_r90.png,sedang,206.23083333333332,0.9470838576424248,0.8268719739562153,0.8832334495357881,1393,0.027516049382716,sedang
sedang_clahe_17_flipH_r270.png,sedang,177.8842063492064,0.967675311520878,0.8045490073168181,0.855776474152084,1309,0.0258567901234567,tinggi
sedang_clahe_17_flipH_r90.png,sedang,177.8842063492064,0.967675311520878,0.8045490073168181,0.855776474152084,1306,0.0257975308641975,tinggi
sedang_clahe_17_flipV_r0.png,sedang,85.72867063492062,0.9844209539972584,0.8081505476150742,0.8683784319616764,1306,0.0257975308641975,rendah
sedang_clahe_17_flipV_r270.png,sedang,177.8842063492064,0.967675311520878,0.8045490073168181,0.855776474152084,1306,0.0257975308641975,tinggi
sedang_clahe_17_flipV_r90.png,sedang,177.8842063492064,0.967675311520878,0.8045490073168181,0.855776474152084,1309,0.0258567901234567,tinggi
sedang_clahe_17_orig_r0.png,sedang,85.72867063492062,0.9844209539972584,0.8081505476150742,0.8683784319616764,1309,0.0258567901234567,rendah
sedang_clahe_17_orig_r270.png,sedang,177.8842063492064,0.967675311520878,0.8045490073168181,0.855776474152084,1309,0.0258567901234567,tinggi
sedang_clahe_17_orig_r90.png,sedang,177.8842063492064,0.967675311520878,0.8045490073168181,0.855776474152084,1306,0.0257975308641975,tinggi
sedang_clahe_18_flipH_r270.png,sedang,244.0296428571428,0.9540887029757286,0.8209143548074604,0.8594167061212693,1650,0.0325925925925925,sedang
sedang_clahe_18_flipV_r90.png,sedang,244.0296428571428,0.9540887029757286,0.8209143548074604,0.8594167061212693,1650,0.0325925925925925,sedang
sedang_clahe_18_orig_r0.png,sedang,110.21432539682542,0.9792644755351072,0.823881355321534,0.8697118238456988,1650,0.0325925925925925,tinggi
sedang_clahe_18_orig_r90.png,sedang,244.0296428571428,0.9540887029757286,0.8209143548074604,0.8594167061212693,1644,0.032474074074074,sedang
sedang_clahe_19_flipH_r0.png,sedang,95.29670634920636,0.9815880698141536,0.7991808775456551,0.8729143122526233,1498,0.0295901234567901,sedang
sedang_clahe_19_flipH_r270.png,sedang,185.5054365079365,0.9641593071059228,0.7953658810902893,0.8608036534919123,1482,0.029274074074074,sedang
sedang_clahe_19_flipH_r90.png,sedang,185.5054365079365,0.9641593071059228,0.7953658810902893,0.8608036534919123,1495,0.0295308641975308,sedang
sedang_clahe_19_flipV_r0.png,sedang,95.29670634920636,0.9815880698141536,0.7991808775456551,0.8729143122526233,1479,0.0292148148148148,sedang
sedang_clahe_19_flipV_r270.png,sedang,185.5054365079365,0.9641593071059228,0.7953658810902893,0.8608036534919123,1495,0.0295308641975308,sedang
sedang_clahe_19_flipV_r90.png,sedang,185.5054365079365,0.9641593071059228,0.7953658810902893,0.8608036534919123,1482,0.029274074074074,sedang
sedang_clahe_20_flipH_r0.png,sedang,93.490873015873,0.979618766208682,0.8124820696172601,0.8823620562958031,1506,0.0297481481481481,sedang
sedang_clahe_20_flipH_r270.png,sedang,226.8236507936508,0.9505520969336672,0.808571963528928,0.8706118464215654,1508,0.0297876543209876,sedang
sedang_clahe_20_flipH_r90.png,sedang,226.8236507936508,0.9505520969336672,0.808571963528928,0.8706118464215654,1507,0.0297679012345679,sedang
sedang_clahe_20_flipV_r0.png,sedang,93.490873015873,0.979618766208682,0.8124820696172601,0.8823620562958031,1509,0.0298074074074074,sedang
sedang_clahe_20_orig_r0.png,sedang,93.490873015873,0.979618766208682,0.8124820696172601,0.8823620562958031,1508,0.0297876543209876,sedang
sedang_clahe_20_orig_r270.png,sedang,226.8236507936508,0.9505520969336672,0.808571963528928,0.8706118464215654,1506,0.0297481481481481,sedang
sedang_clahe_21_flipH_r0.png,sedang,90.65011904761904,0.9796489543066356,0.8261712181648462,0.8839139663070104,1436,0.0283654320987654,sedang
sedang_clahe_21_flipH_r90.png,sedang,201.6328968253968,0.9547332056516826,0.8230071857178004,0.8738586397107677,1432,0.0282864197530864,sedang
sedang_clahe_21_flipV_r270.png,sedang,201.6328968253968,0.9547332056516826,0.8230071857178004,0.8738586397107677,1432,0.0282864197530864,sedang
sedang_clahe_21_flipV_r90.png,sedang,201.6328968253968,0.9547332056516826,0.8230071857178004,0.8738586397107677,1438,0.0284049382716049,sedang
sedang_clahe_21_orig_r270.png,sedang,201.6328968253968,0.9547332056516826,0.8230071857178004,0.8738586397107677,1436,0.0283654320987654,sedang
sedang_clahe_21_orig_r90.png,sedang,201.6328968253968,0.9547332056516826,0.8230071857178004,0.8738586397107677,1434,0.0283259259259259,sedang
sedang_clahe_22_flipH_r270.png,sedang,197.39805555555557,0.9662014665238212,0.789896681950454,0.849164401687509,1608,0.0317629629629629,tinggi
sedang_clahe_22_flipH_r90.png,sedang,197.39805555555557,0.9662014665238212,0.789896681950454,0.849164401687509,1607,0.0317432098765432,tinggi
sedang_clahe_22_flipV_r0.png,sedang,106.68960317460316,0.9817325156049388,0.7935255105729242,0.8608002268299018,1605,0.0317037037037037,rendah
sedang_clahe_22_flipV_r270.png,sedang,197.39805555555557,0.9662014665238212,0.789896681950454,0.849164401687509,1607,0.0317432098765432,tinggi
sedang_clahe_22_flipV_r90.png,sedang,197.39805555555557,0.9662014665238212,0.789896681950454,0.849164401687509,1608,0.0317629629629629,tinggi
sedang_clahe_22_orig_r270.png,sedang,197.39805555555557,0.9662014665238212,0.789896681950454,0.849164401687509,1610,0.0318024691358024,tinggi
sedang_clahe_22_orig_r90.png,sedang,197.39805555555557,0.9662014665238212,0.789896681950454,0.849164401687509,1605,0.0317037037037037,tinggi
sedang_clahe_23_flipH_r0.png,sedang,97.17936507936506,0.9802140092768034,0.8178567733001711,0.8769953709100108,1408,0.0278123456790123,sedang
sedang_clahe_23_flipH_r270.png,sedang,203.14575396825396,0.958639115833336,0.8143544623021836,0.8647927074067833,1405,0.027753086419753,sedang
sedang_clahe_23_flipH_r90.png,sedang,203.14575396825396,0.958639115833336,0.8143544623021836,0.8647927074067833,1410,0.0278518518518518,sedang
sedang_clahe_23_flipV_r0.png,sedang,97.17936507936506,0.9802140092768034,0.8178567733001711,0.8769953709100108,1407,0.0277925925925925,sedang
sedang_clahe_23_flipV_r270.png,sedang,203.14575396825396,0.958639115833336,0.8143544623021836,0.8647927074067833,1410,0.0278518518518518,sedang
sedang_clahe_23_flipV_r90.png,sedang,203.14575396825396,0.958639115833336,0.8143544623021836,0.8647927074067833,1405,0.027753086419753,sedang
sedang_clahe_23_orig_r270.png,sedang,203.14575396825396,0.958639115833336,0.8143544623021836,0.8647927074067833,1408,0.0278123456790123,sedang
sedang_clahe_23_orig_r90.png,sedang,203.14575396825396,0.958639115833336,0.8143544623021836,0.8647927074067833,1407,0.0277925925925925,sedang
sedang_clahe_24_flipH_r0.png,sedang,117.56734126984128,0.977497519444561,0.8118523537077643,0.8696142672625531,1555,0.030716049382716,sedang
sedang_clahe_24_flipH_r90.png,sedang,185.0305952380953,0.9645851377650008,0.8080864671229131,0.8586186055390651,1549,0.0305975308641975,sedang
sedang_clahe_24_flipV_r90.png,sedang,185.0305952380953,0.9645851377650008,0.8080864671229131,0.8586186055390651,1570,0.0310123456790123,sedang
sedang_clahe_24_orig_r0.png,sedang,117.56734126984128,0.977497519444561,0.8118523537077643,0.8696142672625531,1570,0.0310123456790123,sedang
sedang_clahe_24_orig_r270.png,sedang,185.0305952380953,0.9645851377650008,0.8080864671229131,0.8586186055390651,1555,0.030716049382716,sedang
sedang_clahe_24_orig_r90.png,sedang,185.0305952380953,0.9645851377650008,0.8080864671229131,0.8586186055390651,1564,0.0308938271604938,sedang
sedang_clahe_25_flipH_r270.png,sedang,214.75420634920636,0.9619669936789904,0.790629196357061,0.8510943978162512,1626,0.0321185185185185,tinggi
sedang_clahe_25_flipV_r0.png,sedang,117.20869047619048,0.9792422420366836,0.7943349738206205,0.8629676512546743,1629,0.0321777777777777,tinggi
sedang_clahe_25_flipV_r90.png,sedang,214.75420634920636,0.9619669936789904,0.790629196357061,0.8510943978162512,1626,0.0321185185185185,tinggi
sedang_clahe_25_orig_r270.png,sedang,214.75420634920636,0.9619669936789904,0.790629196357061,0.8510943978162512,1616,0.0319209876543209,tinggi
sedang_clahe_25_orig_r90.png,sedang,214.75420634920636,0.9619669936789904,0.790629196357061,0.8510943978162512,1629,0.0321777777777777,tinggi
sedang_clahe_26_flipH_r0.png,sedang,113.72452380952382,0.977509481049532,0.8029502520216258,0.8647916641807358,1661,0.0328098765432098,sedang
sedang_clahe_26_flipH_r90.png,sedang,244.85591269841268,0.9515996881073728,0.7988475191101383,0.8531243194342636,1664,0.0328691358024691,rendah
sedang_clahe_26_flipV_r0.png,sedang,113.72452380952382,0.977509481049532,0.8029502520216258,0.8647916641807358,1667,0.0329283950617283,sedang
sedang_clahe_26_flipV_r270.png,sedang,244.85591269841268,0.9515996881073728,0.7988475191101383,0.8531243194342636,1664,0.0328691358024691,rendah
sedang_clahe_26_flipV_r90.png,sedang,244.85591269841268,0.9515996881073728,0.7988475191101383,0.8531243194342636,1664,0.0328691358024691,rendah
sedang_clahe_26_orig_r0.png,sedang,113.72452380952382,0.977509481049532,0.8029502520216258,0.8647916641807358,1664,0.0328691358024691,sedang
sedang_clahe_26_orig_r270.png,sedang,244.85591269841268,0.9515996881073728,0.7988475191101383,0.8531243194342636,1661,0.0328098765432098,rendah
sedang_clahe_26_orig_r90.png,sedang,244.85591269841268,0.9515996881073728,0.7988475191101383,0.8531243194342636,1667,0.0329283950617283,rendah
sedang_clahe_27_flipH_r0.png,sedang,147.0742857142857,0.970335533912026,0.8091692211373368,0.873332625598959,1583,0.0312691358024691,sedang
sedang_clahe_27_flipH_r90.png,sedang,261.340515873016,0.9472885661949636,0.8054001206187166,0.8617349245685364,1578,0.0311703703703703,rendah
sedang_clahe_27_flipV_r0.png,sedang,147.0742857142857,0.970335533912026,0.8091692211373368,0.873332625598959,1574,0.0310913580246913,sedang
sedang_clahe_27_flipV_r270.png,sedang,261.340515873016,0.9472885661949636,0.8054001206187166,0.8617349245685364,1578,0.0311703703703703,rendah
sedang_clahe_27_flipV_r90.png,sedang,261.340515873016,0.9472885661949636,0.8054001206187166,0.8617349245685364,1579,0.0311901234567901,rendah
sedang_clahe_27_orig_r270.png,sedang,261.340515873016,0.9472885661949636,0.8054001206187166,0.8617349245685364,1583,0.0312691358024691,rendah
sedang_clahe_27_orig_r90.png,sedang,261.340515873016,0.9472885661949636,0.8054001206187166,0.8617349245685364,1574,0.0310913580246913,rendah
sedang_clahe_28_flipH_r0.png,sedang,144.33273809523808,0.970860137536249,0.8018924933218485,0.8749636539726792,1596,0.0315259259259259,sedang
sedang_clahe_28_flipH_r270.png,sedang,270.8497619047619,0.9453178142268912,0.7971283076838602,0.862285241740175,1596,0.0315259259259259,rendah
sedang_clahe_28_flipH_r90.png,sedang,270.8497619047619,0.9453178142268912,0.7971283076838602,0.862285241740175,1592,0.0314469135802469,rendah
sedang_clahe_28_flipV_r0.png,sedang,144.33273809523808,0.970860137536249,0.8018924933218485,0.8749636539726792,1592,0.0314469135802469,sedang
sedang_clahe_28_flipV_r270.png,sedang,270.8497619047619,0.9453178142268912,0.7971283076838602,0.862285241740175,1592,0.0314469135802469,rendah
sedang_clahe_28_flipV_r90.png,sedang,270.8497619047619,0.9453178142268912,0.7971283076838602,0.862285241740175,1596,0.0315259259259259,rendah
sedang_clahe_28_orig_r0.png,sedang,144.33273809523808,0.970860137536249,0.8018924933218485,0.8749636539726792,1596,0.0315259259259259,sedang
sedang_clahe_29_flipH_r0.png,sedang,104.88813492063493,0.9759567387213453,0.8204740529018946,0.8798838779827457,1493,0.0294913580246913,sedang
sedang_clahe_29_flipH_r270.png,sedang,193.9230555555556,0.9555474725887222,0.8178132157919903,0.868993143586191,1491,0.0294518518518518,sedang
sedang_clahe_29_flipH_r90.png,sedang,193.9230555555556,0.9555474725887222,0.8178132157919903,0.868993143586191,1492,0.0294716049382716,sedang
sedang_clahe_29_flipV_r0.png,sedang,104.88813492063493,0.9759567387213453,0.8204740529018946,0.8798838779827457,1490,0.0294320987654321,sedang
sedang_clahe_29_flipV_r270.png,sedang,193.9230555555556,0.9555474725887222,0.8178132157919903,0.868993143586191,1492,0.0294716049382716,sedang
sedang_clahe_29_flipV_r90.png,sedang,193.9230555555556,0.9555474725887222,0.8178132157919903,0.868993143586191,1491,0.0294518518518518,sedang
sedang_clahe_29_orig_r270.png,sedang,193.9230555555556,0.9555474725887222,0.8178132157919903,0.868993143586191,1493,0.0294913580246913,sedang
sedang_clahe_30_flipH_r0.png,sedang,122.37805555555552,0.974385399910324,0.8130209256819977,0.8756490766572979,1532,0.0302617283950617,sedang
sedang_clahe_30_flipH_r270.png,sedang,231.28761904761905,0.9515898512956134,0.8098466810123144,0.865670079619165,1528,0.0301827160493827,sedang
sedang_clahe_30_flipH_r90.png,sedang,231.28761904761905,0.9515898512956134,0.8098466810123144,0.865670079619165,1524,0.0301037037037037,sedang
sedang_clahe_30_flipV_r0.png,sedang,122.37805555555552,0.974385399910324,0.8130209256819977,0.8756490766572979,1520,0.0300246913580246,sedang
sedang_clahe_30_flipV_r270.png,sedang,231.28761904761905,0.9515898512956134,0.8098466810123144,0.865670079619165,1524,0.0301037037037037,sedang
sedang_clahe_30_flipV_r90.png,sedang,231.28761904761905,0.9515898512956134,0.8098466810123144,0.865670079619165,1528,0.0301827160493827,sedang
sedang_clahe_30_orig_r0.png,sedang,122.37805555555552,0.974385399910324,0.8130209256819977,0.8756490766572979,1528,0.0301827160493827,sedang
sedang_clahe_30_orig_r270.png,sedang,231.28761904761905,0.9515898512956134,0.8098466810123144,0.865670079619165,1532,0.0302617283950617,sedang
sedang_clahe_30_orig_r90.png,sedang,231.28761904761905,0.9515898512956134,0.8098466810123144,0.865670079619165,1520,0.0300246913580246,sedang
sedang_clahe_31_flipH_r0.png,sedang,130.84710317460318,0.974270942643042,0.8117088356662456,0.869296896880249,1722,0.0340148148148148,sedang
sedang_clahe_31_flipH_r90.png,sedang,214.54849206349203,0.9578125267392286,0.807687777823766,0.8570468470006255,1722,0.0340148148148148,rendah
sedang_clahe_31_flipV_r270.png,sedang,214.54849206349203,0.9578125267392286,0.807687777823766,0.8570468470006255,1722,0.0340148148148148,rendah
sedang_clahe_31_flipV_r90.png,sedang,214.54849206349203,0.9578125267392286,0.807687777823766,0.8570468470006255,1723,0.0340345679012345,rendah
sedang_clahe_31_orig_r0.png,sedang,130.84710317460318,0.974270942643042,0.8117088356662456,0.869296896880249,1723,0.0340345679012345,sedang
sedang_clahe_31_orig_r270.png,sedang,214.54849206349203,0.9578125267392286,0.807687777823766,0.8570468470006255,1722,0.0340148148148148,rendah
sedang_clahe_31_orig_r90.png,sedang,214.54849206349203,0.9578125267392286,0.807687777823766,0.8570468470006255,1723,0.0340345679012345,rendah
sedang_clahe_32_flipH_r270.png,sedang,201.0596031746032,0.9590107768386036,0.7839196864967567,0.8574253506962174,1679,0.0331654320987654,tinggi
sedang_clahe_32_flipH_r90.png,sedang,201.0596031746032,0.9590107768386036,0.7839196864967567,0.8574253506962174,1674,0.0330666666666666,tinggi
sedang_clahe_32_orig_r0.png,sedang,129.1456349206349,0.9736713819107462,0.7883643423231009,0.8683933358212871,1679,0.0331654320987654,sedang
sedang_clahe_33_flipH_r0.png,sedang,94.26642857142858,0.9794045384623322,0.8161253336109379,0.8810290887213724,1449,0.0286222222222222,sedang
sedang_clahe_33_flipH_r270.png,sedang,219.6406349206349,0.9520127970749076,0.8123435061124255,0.8697263404693453,1448,0.0286024691358024,sedang
sedang_clahe_33_flipH_r90.png,sedang,219.6406349206349,0.9520127970749076,0.8123435061124255,0.8697263404693453,1460,0.0288395061728395,sedang
sedang_clahe_33_flipV_r0.png,sedang,94.26642857142858,0.9794045384623322,0.8161253336109379,0.8810290887213724,1459,0.0288197530864197,sedang
sedang_clahe_33_orig_r0.png,sedang,94.26642857142858,0.9794045384623322,0.8161253336109379,0.8810290887213724,1448,0.0286024691358024,sedang
sedang_clahe_33_orig_r270.png,sedang,219.6406349206349,0.9520127970749076,0.8123435061124255,0.8697263404693453,1449,0.0286222222222222,sedang
sedang_clahe_33_orig_r90.png,sedang,219.6406349206349,0.9520127970749076,0.8123435061124255,0.8697263404693453,1459,0.0288197530864197,sedang
sedang_clahe_34_flipH_r0.png,sedang,121.58023809523807,0.9752199894751844,0.7984815214536812,0.8676872576374257,1529,0.0302024691358024,sedang
sedang_clahe_34_flipH_r90.png,sedang,207.7897222222222,0.9576492794770484,0.7951080333208563,0.8561632151375295,1525,0.0301234567901234,rendah
sedang_clahe_34_flipV_r270.png,sedang,207.7897222222222,0.9576492794770484,0.7951080333208563,0.8561632151375295,1525,0.0301234567901234,rendah
sedang_clahe_34_flipV_r90.png,sedang,207.7897222222222,0.9576492794770484,0.7951080333208563,0.8561632151375295,1544,0.0304987654320987,rendah
sedang_clahe_34_orig_r270.png,sedang,207.7897222222222,0.9576492794770484,0.7951080333208563,0.8561632151375295,1529,0.0302024691358024,rendah
sedang_clahe_34_orig_r90.png,sedang,207.7897222222222,0.9576492794770484,0.7951080333208563,0.8561632151375295,1540,0.0304197530864197,rendah
sedang_clahe_35_flipH_r0.png,sedang,117.32406746031744,0.9752282544123796,0.8174693831125833,0.876613638625719,1451,0.0286617283950617,sedang
sedang_clahe_35_flipH_r270.png,sedang,244.26234126984127,0.9484271669646652,0.8139388273057941,0.8652291200196699,1455,0.0287407407407407,sedang
sedang_clahe_35_flipH_r90.png,sedang,244.26234126984127,0.9484271669646652,0.8139388273057941,0.8652291200196699,1466,0.028958024691358,sedang
sedang_clahe_35_flipV_r270.png,sedang,244.26234126984127,0.9484271669646652,0.8139388273057941,0.8652291200196699,1466,0.028958024691358,sedang
sedang_clahe_35_flipV_r90.png,sedang,244.26234126984127,0.9484271669646652,0.8139388273057941,0.8652291200196699,1455,0.0287407407407407,sedang
sedang_clahe_35_orig_r0.png,sedang,117.32406746031744,0.9752282544123796,0.8174693831125833,0.876613638625719,1455,0.0287407407407407,sedang
sedang_clahe_35_orig_r270.png,sedang,244.26234126984127,0.9484271669646652,0.8139388273057941,0.8652291200196699,1451,0.0286617283950617,sedang
sedang_clahe_35_orig_r90.png,sedang,244.26234126984127,0.9484271669646652,0.8139388273057941,0.8652291200196699,1470,0.029037037037037,sedang
sedang_clahe_36_flipH_r0.png,sedang,91.28416666666666,0.9810555937555642,0.8044640385853472,0.8781857296865563,1464,0.0289185185185185,sedang
sedang_clahe_36_flipH_r270.png,sedang,228.2114285714286,0.9526390821303674,0.7997655069769911,0.8649565356890033,1467,0.0289777777777777,sedang
sedang_clahe_36_flipV_r0.png,sedang,91.28416666666666,0.9810555937555642,0.8044640385853472,0.8781857296865563,1485,0.0293333333333333,sedang
sedang_clahe_36_flipV_r270.png,sedang,228.2114285714286,0.9526390821303674,0.7997655069769911,0.8649565356890033,1482,0.029274074074074,sedang
sedang_clahe_36_flipV_r90.png,sedang,228.2114285714286,0.9526390821303674,0.7997655069769911,0.8649565356890033,1467,0.0289777777777777,sedang
sedang_clahe_36_orig_r0.png,sedang,91.28416666666666,0.9810555937555642,0.8044640385853472,0.8781857296865563,1467,0.0289777777777777,sedang
sedang_clahe_36_orig_r270.png,sedang,228.2114285714286,0.9526390821303674,0.7997655069769911,0.8649565356890033,1464,0.0289185185185185,sedang
sedang_clahe_36_orig_r90.png,sedang,228.2114285714286,0.9526390821303674,0.7997655069769911,0.8649565356890033,1485,0.0293333333333333,sedang
sedang_clahe_37_flipH_r270.png,sedang,170.64753968253967,0.9578485546261394,0.8348510218372864,0.8855059405549894,1211,0.0239209876543209,sedang
sedang_clahe_37_flipV_r0.png,sedang,55.60123015873016,0.9862660064123092,0.8379401373747982,0.8965358453405287,1209,0.0238814814814814,sedang
sedang_clahe_37_flipV_r270.png,sedang,170.64753968253967,0.9578485546261394,0.8348510218372864,0.8855059405549894,1210,0.0239012345679012,sedang
sedang_clahe_37_flipV_r90.png,sedang,170.64753968253967,0.9578485546261394,0.8348510218372864,0.8855059405549894,1211,0.0239209876543209,sedang
sedang_clahe_37_orig_r270.png,sedang,170.64753968253967,0.9578485546261394,0.8348510218372864,0.8855059405549894,1212,0.0239407407407407,sedang
sedang_clahe_37_orig_r90.png,sedang,170.64753968253967,0.9578485546261394,0.8348510218372864,0.8855059405549894,1209,0.0238814814814814,sedang
sedang_clahe_38_flipH_r0.png,sedang,52.61210317460318,0.986865673324358,0.8300161081876865,0.8920994134180219,1032,0.0203851851851851,sedang
sedang_clahe_38_flipH_r270.png,sedang,178.36492063492068,0.9554721633666824,0.8271430107546701,0.8811325104253772,1033,0.0204049382716049,sedang
sedang_clahe_38_flipV_r0.png,sedang,52.61210317460318,0.986865673324358,0.8300161081876865,0.8920994134180219,1037,0.0204839506172839,sedang
sedang_clahe_38_flipV_r270.png,sedang,178.36492063492068,0.9554721633666824,0.8271430107546701,0.8811325104253772,1036,0.0204641975308641,sedang
sedang_clahe_38_flipV_r90.png,sedang,178.36492063492068,0.9554721633666824,0.8271430107546701,0.8811325104253772,1033,0.0204049382716049,sedang
sedang_clahe_38_orig_r270.png,sedang,178.36492063492068,0.9554721633666824,0.8271430107546701,0.8811325104253772,1032,0.0203851851851851,sedang
sedang_clahe_39_flipH_r270.png,sedang,197.02607142857144,0.9544188846537204,0.8360521507036179,0.8777960926210558,1316,0.025995061728395,sedang
sedang_clahe_39_flipH_r90.png,sedang,197.02607142857144,0.9544188846537204,0.8360521507036179,0.8777960926210558,1323,0.0261333333333333,sedang
sedang_clahe_39_flipV_r270.png,sedang,197.02607142857144,0.9544188846537204,0.8360521507036179,0.8777960926210558,1323,0.0261333333333333,sedang
sedang_clahe_39_flipV_r90.png,sedang,197.02607142857144,0.9544188846537204,0.8360521507036179,0.8777960926210558,1316,0.025995061728395,sedang
sedang_clahe_39_orig_r0.png,sedang,81.94892857142857,0.9810415191661284,0.8390731523061322,0.8883074890856364,1316,0.025995061728395,sedang
sedang_clahe_39_orig_r90.png,sedang,197.02607142857144,0.9544188846537204,0.8360521507036179,0.8777960926210558,1323,0.0261333333333333,sedang
sedang_clahe_40_flipH_r0.png,sedang,131.07896825396824,0.9768648546396812,0.7801554988811477,0.8478031693702095,1877,0.0370765432098765,sedang
sedang_clahe_40_flipV_r0.png,sedang,131.07896825396824,0.9768648546396812,0.7801554988811477,0.8478031693702095,1869,0.0369185185185185,sedang
sedang_clahe_40_flipV_r270.png,sedang,286.63107142857143,0.9494104620545094,0.7763865645209591,0.8374070362186637,1870,0.0369382716049382,sedang
sedang_clahe_40_flipV_r90.png,sedang,286.63107142857143,0.9494104620545094,0.7763865645209591,0.8374070362186637,1876,0.0370567901234567,sedang
sedang_clahe_40_orig_r0.png,sedang,131.07896825396824,0.9768648546396812,0.7801554988811477,0.8478031693702095,1876,0.0370567901234567,sedang
rendah_clahe_01_flipH_r0.png,rendah,33.38861111111111,0.9927317354640304,0.8272404359476409,0.8839347086512318,886,0.0175012345679012,rendah
rendah_clahe_01_flipH_r270.png,rendah,127.30472222222222,0.9722875323149802,0.8233789057657493,0.8689586745267435,890,0.0175802469135802,rendah
rendah_clahe_01_flipH_r90.png,rendah,127.30472222222222,0.9722875323149802,0.8233789057657493,0.8689586745267435,899,0.017758024691358,rendah
rendah_clahe_01_flipV_r0.png,rendah,33.38861111111111,0.9927317354640304,0.8272404359476409,0.8839347086512318,903,0.017837037037037,rendah
rendah_clahe_01_flipV_r270.png,rendah,127.30472222222222,0.9722875323149802,0.8233789057657493,0.8689586745267435,899,0.017758024691358,rendah
rendah_clahe_01_orig_r270.png,rendah,127.30472222222222,0.9722875323149802,0.8233789057657493,0.8689586745267435,886,0.0175012345679012,rendah
rendah_clahe_02_flipH_r0.png,rendah,46.866567460317455,0.990276399553604,0.8163504709012563,0.8765351598521728,1344,0.0265481481481481,rendah
rendah_clahe_02_flipH_r270.png,rendah,199.6342857142857,0.9585811347357828,0.8124859087000248,0.8642869489525427,1347,0.0266074074074074,sedang
rendah_clahe_02_flipH_r90.png,rendah,199.6342857142857,0.9585811347357828,0.8124859087000248,0.8642869489525427,1362,0.0269037037037037,sedang
rendah_clahe_02_flipV_r0.png,rendah,46.866567460317455,0.990276399553604,0.8163504709012563,0.8765351598521728,1380,0.0272592592592592,rendah
rendah_clahe_02_orig_r0.png,rendah,46.866567460317455,0.990276399553604,0.8163504709012563,0.8765351598521728,1347,0.0266074074074074,rendah
rendah_clahe_02_orig_r270.png,rendah,199.6342857142857,0.9585811347357828,0.8124859087000248,0.8642869489525427,1344,0.0265481481481481,sedang
rendah_clahe_02_orig_r90.png,rendah,199.6342857142857,0.9585811347357828,0.8124859087000248,0.8642869489525427,1380,0.0272592592592592,sedang
rendah_clahe_03_flipH_r0.png,rendah,61.2568253968254,0.988828920072182,0.7824189527581177,0.8576904776997666,1423,0.0281086419753086,rendah
rendah_clahe_03_flipH_r270.png,rendah,157.7980158730159,0.9712233344869812,0.7787117495520816,0.8451431430444117,1424,0.0281283950617283,rendah
rendah_clahe_03_flipH_r90.png,rendah,157.7980158730159,0.9712233344869812,0.7787117495520816,0.8451431430444117,1410,0.0278518518518518,rendah
rendah_clahe_03_flipV_r270.png,rendah,157.7980158730159,0.9712233344869812,0.7787117495520816,0.8451431430444117,1410,0.0278518518518518,rendah
rendah_clahe_03_flipV_r90.png,rendah,157.7980158730159,0.9712233344869812,0.7787117495520816,0.8451431430444117,1424,0.0281283950617283,rendah
rendah_clahe_03_orig_r0.png,rendah,61.2568253968254,0.988828920072182,0.7824189527581177,0.8576904776997666,1424,0.0281283950617283,rendah
rendah_clahe_03_orig_r270.png,rendah,157.7980158730159,0.9712233344869812,0.7787117495520816,0.8451431430444117,1423,0.0281086419753086,rendah
rendah_clahe_03_orig_r90.png,rendah,157.7980158730159,0.9712233344869812,0.7787117495520816,0.8451431430444117,1411,0.0278716049382716,rendah
rendah_clahe_04_flipH_r0.png,rendah,86.19345238095238,0.9808253152436348,0.8110762498138469,0.8747239011287099,1537,0.0303604938271604,rendah
rendah_clahe_04_flipH_r270.png,rendah,196.10515873015876,0.9563818040779348,0.8071200469201988,0.8627529601185928,1544,0.0304987654320987,rendah
rendah_clahe_04_flipH_r90.png,rendah,196.10515873015876,0.9563818040779348,0.8071200469201988,0.8627529601185928,1535,0.0303209876543209,rendah
rendah_clahe_04_flipV_r0.png,rendah,86.19345238095238,0.9808253152436348,0.8110762498138469,0.8747239011287099,1542,0.0304592592592592,rendah
rendah_clahe_04_flipV_r270.png,rendah,196.10515873015876,0.9563818040779348,0.8071200469201988,0.8627529601185928,1535,0.0303209876543209,rendah
rendah_clahe_04_flipV_r90.png,rendah,196.10515873015876,0.9563818040779348,0.8071200469201988,0.8627529601185928,1544,0.0304987654320987,rendah
rendah_clahe_04_orig_r0.png,rendah,86.19345238095238,0.9808253152436348,0.8110762498138469,0.8747239011287099,1544,0.0304987654320987,rendah
rendah_clahe_04_orig_r270.png,rendah,196.10515873015876,0.9563818040779348,0.8071200469201988,0.8627529601185928,1537,0.0303604938271604,rendah
rendah_clahe_05_flipH_r0.png,rendah,61.10115079365079,0.9878136886220972,0.8075906739682698,0.8747523359401639,1194,0.0235851851851851,rendah
rendah_clahe_05_flipH_r270.png,rendah,213.6638888888889,0.9573860002835164,0.8036447567219075,0.8620629247939098,1193,0.0235654320987654,rendah
rendah_clahe_05_flipV_r0.png,rendah,61.10115079365079,0.9878136886220972,0.8075906739682698,0.8747523359401639,1187,0.0234469135802469,rendah
rendah_clahe_05_flipV_r270.png,rendah,213.6638888888889,0.9573860002835164,0.8036447567219075,0.8620629247939098,1188,0.0234666666666666,rendah
rendah_clahe_05_flipV_r90.png,rendah,213.6638888888889,0.9573860002835164,0.8036447567219075,0.8620629247939098,1193,0.0235654320987654,rendah
rendah_clahe_05_orig_r0.png,rendah,61.10115079365079,0.9878136886220972,0.8075906739682698,0.8747523359401639,1193,0.0235654320987654,rendah
rendah_clahe_06_flipH_r0.png,rendah,94.31940476190476,0.9825592706355047,0.789209234530547,0.8620807363346589,1520,0.0300246913580246,rendah
rendah_clahe_06_flipH_r270.png,rendah,238.3755158730159,0.9559218328198166,0.7854267383584675,0.8511002518727931,1517,0.0299654320987654,tinggi
rendah_clahe_06_flipV_r0.png,rendah,94.31940476190476,0.9825592706355047,0.789209234530547,0.8620807363346589,1512,0.0298666666666666,rendah
rendah_clahe_06_flipV_r270.png,rendah,238.3755158730159,0.9559218328198166,0.7854267383584675,0.8511002518727931,1515,0.0299259259259259,tinggi
rendah_clahe_06_flipV_r90.png,rendah,238.3755158730159,0.9559218328198166,0.7854267383584675,0.8511002518727931,1517,0.0299654320987654,tinggi
rendah_clahe_06_orig_r0.png,rendah,94.31940476190476,0.9825592706355047,0.789209234530547,0.8620807363346589,1517,0.0299654320987654,rendah
rendah_clahe_06_orig_r90.png,rendah,238.3755158730159,0.9559218328198166,0.7854267383584675,0.8511002518727931,1512,0.0298666666666666,tinggi
rendah_clahe_07_flipH_r90.png,rendah,214.8204761904762,0.9563365682422414,0.8073163168279622,0.8603463940211858,1197,0.0236444444444444,rendah
rendah_clahe_07_flipV_r0.png,rendah,57.96329365079365,0.9882185976795168,0.8112148975365269,0.8743168222925095,1197,0.0236444444444444,rendah
rendah_clahe_07_flipV_r270.png,rendah,214.8204761904762,0.9563365682422414,0.8073163168279622,0.8603463940211858,1197,0.0236444444444444,rendah
rendah_clahe_07_flipV_r90.png,rendah,214.8204761904762,0.9563365682422414,0.8073163168279622,0.8603463940211858,1208,0.0238617283950617,rendah
rendah_clahe_07_orig_r0.png,rendah,57.96329365079365,0.9882185976795168,0.8112148975365269,0.8743168222925095,1208,0.0238617283950617,rendah
rendah_clahe_07_orig_r90.png,rendah,214.8204761904762,0.9563365682422414,0.8073163168279622,0.8603463940211858,1197,0.0236444444444444,rendah
rendah_clahe_08_flipH_r0.png,rendah,69.04571428571427,0.9867461793124478,0.8050206671128218,0.863923077330459,1365,0.0269629629629629,rendah
rendah_clahe_08_flipH_r270.png,rendah,230.79043650793653,0.9556979600721028,0.8023083643453361,0.852709984082459,1350,0.0266666666666666,rendah
rendah_clahe_08_flipH_r90.png,rendah,230.79043650793653,0.9556979600721028,0.8023083643453361,0.852709984082459,1359,0.0268444444444444,rendah
rendah_clahe_08_flipV_r0.png,rendah,69.04571428571427,0.9867461793124478,0.8050206671128218,0.863923077330459,1350,0.0266666666666666,rendah
rendah_clahe_08_flipV_r270.png,rendah,230.79043650793653,0.9556979600721028,0.8023083643453361,0.852709984082459,1359,0.0268444444444444,rendah
rendah_clahe_08_flipV_r90.png,rendah,230.79043650793653,0.9556979600721028,0.8023083643453361,0.852709984082459,1350,0.0266666666666666,rendah
rendah_clahe_08_orig_r0.png,rendah,69.04571428571427,0.9867461793124478,0.8050206671128218,0.863923077330459,1350,0.0266666666666666,rendah
rendah_clahe_08_orig_r90.png,rendah,230.79043650793653,0.9556979600721028,0.8023083643453361,0.852709984082459,1350,0.0266666666666666,rendah
rendah_clahe_09_flipH_r0.png,rendah,71.83882936507936,0.9864119031771424,0.8020018563028564,0.8693984504609835,1391,0.0274765432098765,rendah
rendah_clahe_09_flipH_r270.png,rendah,280.7467857142857,0.9468978288807536,0.7974360932132405,0.8555630733744872,1387,0.0273975308641975,rendah
rendah_clahe_09_flipH_r90.png,rendah,280.7467857142857,0.9468978288807536,0.7974360932132405,0.8555630733744872,1406,0.0277728395061728,rendah
rendah_clahe_09_flipV_r0.png,rendah,71.83882936507936,0.9864119031771424,0.8020018563028564,0.8693984504609835,1402,0.0276938271604938,rendah
rendah_clahe_09_flipV_r270.png,rendah,280.7467857142857,0.9468978288807536,0.7974360932132405,0.8555630733744872,1406,0.0277728395061728,rendah
rendah_clahe_09_flipV_r90.png,rendah,280.7467857142857,0.9468978288807536,0.7974360932132405,0.8555630733744872,1387,0.0273975308641975,rendah
rendah_clahe_09_orig_r270.png,rendah,280.7467857142857,0.9468978288807536,0.7974360932132405,0.8555630733744872,1391,0.0274765432098765,rendah
rendah_clahe_09_orig_r90.png,rendah,280.7467857142857,0.9468978288807536,0.7974360932132405,0.8555630733744872,1402,0.0276938271604938,rendah
rendah_clahe_10_flipH_r0.png,rendah,70.02027777777776,0.98624514421501,0.7925821421370263,0.8613216519333153,1487,0.0293728395061728,rendah
rendah_clahe_10_flipH_r270.png,rendah,211.66857142857145,0.9584193086786406,0.7893283521625933,0.8485399179382912,1492,0.0294716049382716,tinggi
rendah_clahe_10_flipH_r90.png,rendah,211.66857142857145,0.9584193086786406,0.7893283521625933,0.8485399179382912,1483,0.0292938271604938,tinggi
rendah_clahe_10_flipV_r0.png,rendah,70.02027777777776,0.98624514421501,0.7925821421370263,0.8613216519333153,1488,0.0293925925925925,rendah
rendah_clahe_10_flipV_r270.png,rendah,211.66857142857145,0.9584193086786406,0.7893283521625933,0.8485399179382912,1483,0.0292938271604938,tinggi
rendah_clahe_10_flipV_r90.png,rendah,211.66857142857145,0.9584193086786406,0.7893283521625933,0.8485399179382912,1492,0.0294716049382716,tinggi
rendah_clahe_10_orig_r0.png,rendah,70.02027777777776,0.98624514421501,0.7925821421370263,0.8613216519333153,1492,0.0294716049382716,rendah
rendah_clahe_10_orig_r270.png,rendah,211.66857142857145,0.9584193086786406,0.7893283521625933,0.8485399179382912,1487,0.0293728395061728,tinggi
rendah_clahe_10_orig_r90.png,rendah,211.66857142857145,0.9584193086786406,0.7893283521625933,0.8485399179382912,1488,0.0293925925925925,tinggi
rendah_clahe_11_flipH_r270.png,rendah,220.98746031746035,0.9579706469924808,0.8035118193891253,0.8580678484636166,1419,0.0280296296296296,sedang
rendah_clahe_11_flipH_r90.png,rendah,220.98746031746035,0.9579706469924808,0.8035118193891253,0.8580678484636166,1397,0.027595061728395,sedang
rendah_clahe_11_flipV_r90.png,rendah,220.98746031746035,0.9579706469924808,0.8035118193891253,0.8580678484636166,1419,0.0280296296296296,sedang
rendah_clahe_11_orig_r0.png,rendah,69.43242063492065,0.9867946752386746,0.8073052848557566,0.8710132442119847,1419,0.0280296296296296,rendah
rendah_clahe_12_flipH_r0.png,rendah,121.78349206349206,0.9779660422207074,0.7962431217029661,0.8565752981685619,1795,0.0354567901234567,rendah
rendah_clahe_12_flipH_r270.png,rendah,310.3787698412698,0.9438442328982188,0.7929969933522665,0.846239700008602,1805,0.0356543209876543,rendah
rendah_clahe_12_flipV_r0.png,rendah,121.78349206349206,0.9779660422207074,0.7962431217029661,0.8565752981685619,1804,0.0356345679012345,rendah
rendah_clahe_12_flipV_r270.png,rendah,310.3787698412698,0.9438442328982188,0.7929969933522665,0.846239700008602,1793,0.0354172839506172,rendah
rendah_clahe_12_flipV_r90.png,rendah,310.3787698412698,0.9438442328982188,0.7929969933522665,0.846239700008602,1805,0.0356543209876543,rendah
rendah_clahe_12_orig_r0.png,rendah,121.78349206349206,0.9779660422207074,0.7962431217029661,0.8565752981685619,1805,0.0356543209876543,rendah
rendah_clahe_12_orig_r270.png,rendah,310.3787698412698,0.9438442328982188,0.7929969933522665,0.846239700008602,1795,0.0354567901234567,rendah
rendah_clahe_12_orig_r90.png,rendah,310.3787698412698,0.9438442328982188,0.7929969933522665,0.846239700008602,1804,0.0356345679012345,rendah
rendah_clahe_13_flipH_r270.png,rendah,292.9854761904762,0.9437378903799948,0.7740860714876054,0.8419579826764306,1726,0.0340938271604938,rendah
rendah_clahe_13_flipV_r0.png,rendah,98.65269841269844,0.9810557657424616,0.7781395393144844,0.8544234902945024,1728,0.0341333333333333,rendah
rendah_clahe_13_flipV_r270.png,rendah,292.9854761904762,0.9437378903799948,0.7740860714876054,0.8419579826764306,1730,0.0341728395061728,rendah
rendah_clahe_13_orig_r0.png,rendah,98.65269841269844,0.9810557657424616,0.7781395393144844,0.8544234902945024,1726,0.0340938271604938,rendah
rendah_clahe_13_orig_r270.png,rendah,292.9854761904762,0.9437378903799948,0.7740860714876054,0.8419579826764306,1728,0.0341333333333333,rendah
rendah_clahe_13_orig_r90.png,rendah,292.9854761904762,0.9437378903799948,0.7740860714876054,0.8419579826764306,1728,0.0341333333333333,rendah
rendah_clahe_14_flipH_r0.png,rendah,68.62156746031748,0.9853446061395562,0.8147266131942522,0.874238353486304,1425,0.0281481481481481,rendah
rendah_clahe_14_flipH_r90.png,rendah,232.68658730158728,0.9503056112246604,0.8107957599940249,0.8627515070670544,1418,0.0280098765432098,sedang
rendah_clahe_14_flipV_r0.png,rendah,68.62156746031748,0.9853446061395562,0.8147266131942522,0.874238353486304,1407,0.0277925925925925,rendah
rendah_clahe_14_flipV_r270.png,rendah,232.68658730158728,0.9503056112246604,0.8107957599940249,0.8627515070670544,1418,0.0280098765432098,sedang
rendah_clahe_14_flipV_r90.png,rendah,232.68658730158728,0.9503056112246604,0.8107957599940249,0.8627515070670544,1414,0.0279308641975308,sedang
rendah_clahe_15_flipH_r0.png,rendah,136.32109126984125,0.9757384053719488,0.7839082469202834,0.8570357687311622,1691,0.0334024691358024,rendah
rendah_clahe_15_flipH_r270.png,rendah,266.5134126984127,0.9525695249608764,0.7791767681165406,0.8448287511228839,1683,0.0332444444444444,rendah
rendah_clahe_15_flipV_r0.png,rendah,136.32109126984125,0.9757384053719488,0.7839082469202834,0.8570357687311622,1686,0.0333037037037037,rendah
rendah_clahe_15_flipV_r270.png,rendah,266.5134126984127,0.9525695249608764,0.7791767681165406,0.8448287511228839,1694,0.0334617283950617,rendah
rendah_clahe_15_flipV_r90.png,rendah,266.5134126984127,0.9525695249608764,0.7791767681165406,0.8448287511228839,1683,0.0332444444444444,rendah
rendah_clahe_15_orig_r270.png,rendah,266.5134126984127,0.9525695249608764,0.7791767681165406,0.8448287511228839,1691,0.0334024691358024,rendah
rendah_clahe_15_orig_r90.png,rendah,266.5134126984127,0.9525695249608764,0.7791767681165406,0.8448287511228839,1686,0.0333037037037037,rendah
rendah_clahe_16_flipH_r0.png,rendah,59.19134920634921,0.9889529322828142,0.7986241929323898,0.8642366671676606,1341,0.0264888888888888,rendah
rendah_clahe_16_flipH_r270.png,rendah,201.07099206349204,0.9624735544232214,0.7948678541475493,0.8511456762410682,1343,0.0265283950617283,rendah
rendah_clahe_16_flipV_r270.png,rendah,201.07099206349204,0.9624735544232214,0.7948678541475493,0.8511456762410682,1343,0.0265283950617283,rendah
rendah_clahe_16_flipV_r90.png,rendah,201.07099206349204,0.9624735544232214,0.7948678541475493,0.8511456762410682,1343,0.0265283950617283,rendah
rendah_clahe_17_flipH_r0.png,rendah,72.86765873015872,0.9869307252476228,0.7950023590812938,0.8716110779354418,1342,0.0265086419753086,rendah
rendah_clahe_17_flipH_r270.png,rendah,231.6661507936508,0.9584574027012152,0.7906913312792984,0.8583331660024573,1348,0.0266271604938271,rendah
rendah_clahe_17_flipH_r90.png,rendah,231.6661507936508,0.9584574027012152,0.7906913312792984,0.8583331660024573,1351,0.0266864197530864,rendah
rendah_clahe_17_flipV_r0.png,rendah,72.86765873015872,0.9869307252476228,0.7950023590812938,0.8716110779354418,1357,0.0268049382716049,rendah
rendah_clahe_17_flipV_r270.png,rendah,231.6661507936508,0.9584574027012152,0.7906913312792984,0.8583331660024573,1351,0.0266864197530864,rendah
rendah_clahe_17_flipV_r90.png,rendah,231.6661507936508,0.9584574027012152,0.7906913312792984,0.8583331660024573,1348,0.0266271604938271,rendah
rendah_clahe_17_orig_r270.png,rendah,231.6661507936508,0.9584574027012152,0.7906913312792984,0.8583331660024573,1342,0.0265086419753086,rendah
rendah_clahe_17_orig_r90.png,rendah,231.6661507936508,0.9584574027012152,0.7906913312792984,0.8583331660024573,1357,0.0268049382716049,rendah
rendah_clahe_18_flipH_r0.png,rendah,66.22373015873016,0.9867212108546108,0.8122007267844904,0.874582052780306,1217,0.0240395061728395,rendah
rendah_clahe_18_flipH_r90.png,rendah,215.20924603174603,0.9568476903920672,0.8085580166634819,0.8632699241055303,1214,0.0239802469135802,sedang
rendah_clahe_18_flipV_r270.png,rendah,215.20924603174603,0.9568476903920672,0.8085580166634819,0.8632699241055303,1214,0.0239802469135802,sedang
rendah_clahe_18_flipV_r90.png,rendah,215.20924603174603,0.9568476903920672,0.8085580166634819,0.8632699241055303,1215,0.024,sedang
rendah_clahe_18_orig_r270.png,rendah,215.20924603174603,0.9568476903920672,0.8085580166634819,0.8632699241055303,1217,0.0240395061728395,sedang
rendah_clahe_19_flipH_r0.png,rendah,80.7460119047619,0.986259757859956,0.7903792557710505,0.8482119297626576,1606,0.0317234567901234,rendah
rendah_clahe_19_flipH_r270.png,rendah,270.88865079365075,0.95396106340219,0.786919521149679,0.835903438589174,1589,0.0313876543209876,rendah
rendah_clahe_19_flipH_r90.png,rendah,270.88865079365075,0.95396106340219,0.786919521149679,0.835903438589174,1615,0.0319012345679012,rendah
rendah_clahe_19_flipV_r90.png,rendah,270.88865079365075,0.95396106340219,0.786919521149679,0.835903438589174,1589,0.0313876543209876,rendah
rendah_clahe_19_orig_r0.png,rendah,80.7460119047619,0.986259757859956,0.7903792557710505,0.8482119297626576,1589,0.0313876543209876,rendah
rendah_clahe_19_orig_r90.png,rendah,270.88865079365075,0.95396106340219,0.786919521149679,0.835903438589174,1598,0.0315654320987654,rendah
rendah_clahe_20_flipH_r0.png,rendah,82.44996031746032,0.9830925732322668,0.7925675622273943,0.8719325891157613,1466,0.028958024691358,tinggi
rendah_clahe_20_flipH_r90.png,rendah,225.47912698412696,0.9537629381963872,0.7878634805153943,0.8584735385881097,1433,0.0283061728395061,rendah
rendah_clahe_20_flipV_r270.png,rendah,225.47912698412696,0.9537629381963872,0.7878634805153943,0.8584735385881097,1433,0.0283061728395061,rendah
rendah_clahe_20_orig_r270.png,rendah,225.47912698412696,0.9537629381963872,0.7878634805153943,0.8584735385881097,1466,0.028958024691358,rendah
rendah_clahe_20_orig_r90.png,rendah,225.47912698412696,0.9537629381963872,0.7878634805153943,0.8584735385881097,1435,0.0283456790123456,rendah
rendah_clahe_21_flipH_r90.png,rendah,239.471626984127,0.9505900464354696,0.7962195743831134,0.8543631709738707,1466,0.028958024691358,rendah
rendah_clahe_21_flipV_r0.png,rendah,69.68555555555555,0.9856218687740934,0.8002735400857167,0.870370501617078,1474,0.029116049382716,rendah
rendah_clahe_21_flipV_r270.png,rendah,239.471626984127,0.9505900464354696,0.7962195743831134,0.8543631709738707,1466,0.028958024691358,rendah
rendah_clahe_21_orig_r0.png,rendah,69.68555555555555,0.9856218687740934,0.8002735400857167,0.870370501617078,1481,0.0292543209876543,rendah
rendah_clahe_21_orig_r270.png,rendah,239.471626984127,0.9505900464354696,0.7962195743831134,0.8543631709738707,1472,0.0290765432098765,rendah
rendah_clahe_22_flipH_r270.png,rendah,265.8205555555556,0.9435762002769716,0.8081314652116899,0.8678769339584046,1367,0.0270024691358024,sedang
rendah_clahe_22_flipH_r90.png,rendah,265.8205555555556,0.9435762002769716,0.8081314652116899,0.8678769339584046,1373,0.0271209876543209,sedang
rendah_clahe_22_flipV_r270.png,rendah,265.8205555555556,0.9435762002769716,0.8081314652116899,0.8678769339584046,1373,0.0271209876543209,sedang
rendah_clahe_22_orig_r0.png,rendah,76.41325396825397,0.983780249116054,0.8121754903396979,0.8815706126156534,1367,0.0270024691358024,rendah
rendah_clahe_22_orig_r270.png,rendah,265.8205555555556,0.9435762002769716,0.8081314652116899,0.8678769339584046,1370,0.0270617283950617,sedang
rendah_clahe_22_orig_r90.png,rendah,265.8205555555556,0.9435762002769716,0.8081314652116899,0.8678769339584046,1370,0.0270617283950617,sedang
rendah_clahe_23_flipH_r0.png,rendah,83.97999999999999,0.9831655794429532,0.8031498589212966,0.8727802059470341,1351,0.0266864197530864,rendah
rendah_clahe_23_flipH_r270.png,rendah,206.77519841269844,0.958550999425267,0.7984215585210448,0.8557530060660059,1347,0.0266074074074074,rendah
rendah_clahe_23_flipH_r90.png,rendah,206.77519841269844,0.958550999425267,0.7984215585210448,0.8557530060660059,1356,0.0267851851851851,rendah
rendah_clahe_23_flipV_r0.png,rendah,83.97999999999999,0.9831655794429532,0.8031498589212966,0.8727802059470341,1352,0.0267061728395061,rendah
rendah_clahe_23_flipV_r270.png,rendah,206.77519841269844,0.958550999425267,0.7984215585210448,0.8557530060660059,1356,0.0267851851851851,rendah
rendah_clahe_23_orig_r0.png,rendah,83.97999999999999,0.9831655794429532,0.8031498589212966,0.8727802059470341,1347,0.0266074074074074,rendah
rendah_clahe_23_orig_r270.png,rendah,206.77519841269844,0.958550999425267,0.7984215585210448,0.8557530060660059,1351,0.0266864197530864,rendah
rendah_clahe_23_orig_r90.png,rendah,206.77519841269844,0.958550999425267,0.7984215585210448,0.8557530060660059,1352,0.0267061728395061,rendah
rendah_clahe_24_flipH_r90.png,rendah,211.3977380952381,0.9602134243968026,0.7801011035733909,0.8462906707846098,1380,0.0272592592592592,tinggi
rendah_clahe_24_flipV_r0.png,rendah,84.95815476190477,0.984010284039608,0.7845847914593376,0.8605946777985516,1417,0.0279901234567901,rendah
rendah_clahe_24_flipV_r270.png,rendah,211.3977380952381,0.9602134243968026,0.7801011035733909,0.8462906707846098,1380,0.0272592592592592,tinggi
rendah_clahe_24_flipV_r90.png,rendah,211.3977380952381,0.9602134243968026,0.7801011035733909,0.8462906707846098,1428,0.0282074074074074,tinggi
rendah_clahe_24_orig_r0.png,rendah,84.95815476190477,0.984010284039608,0.7845847914593376,0.8605946777985516,1428,0.0282074074074074,rendah
rendah_clahe_24_orig_r270.png,rendah,211.3977380952381,0.9602134243968026,0.7801011035733909,0.8462906707846098,1391,0.0274765432098765,tinggi
rendah_clahe_25_flipH_r0.png,rendah,71.17964285714285,0.98501882915069,0.8131947184509551,0.8749852311878034,1373,0.0271209876543209,rendah
rendah_clahe_25_flipH_r90.png,rendah,237.13765873015876,0.9500897922599076,0.80981480506519,0.8617891159007117,1379,0.0272395061728395,sedang
rendah_clahe_25_flipV_r270.png,rendah,237.13765873015876,0.9500897922599076,0.80981480506519,0.8617891159007117,1379,0.0272395061728395,sedang
rendah_clahe_25_orig_r90.png,rendah,237.13765873015876,0.9500897922599076,0.80981480506519,0.8617891159007117,1352,0.0267061728395061,sedang
rendah_clahe_26_flipH_r0.png,rendah,62.49579365079365,0.9876092017647854,0.8005195919544127,0.8741974916146116,1256,0.0248098765432098,rendah
rendah_clahe_26_flipH_r270.png,rendah,231.43567460317456,0.9541143286365406,0.7966980060356867,0.8599105227057716,1259,0.0248691358024691,rendah
rendah_clahe_26_flipH_r90.png,rendah,231.43567460317456,0.9541143286365406,0.7966980060356867,0.8599105227057716,1242,0.0245333333333333,rendah
rendah_clahe_26_flipV_r0.png,rendah,62.49579365079365,0.9876092017647854,0.8005195919544127,0.8741974916146116,1244,0.0245728395061728,rendah
rendah_clahe_26_orig_r0.png,rendah,62.49579365079365,0.9876092017647854,0.8005195919544127,0.8741974916146116,1259,0.0248691358024691,rendah
rendah_clahe_26_orig_r90.png,rendah,231.43567460317456,0.9541143286365406,0.7966980060356867,0.8599105227057716,1244,0.0245728395061728,rendah
rendah_clahe_27_flipH_r0.png,rendah,85.91031746031746,0.9831092562584196,0.8003789920330355,0.8680481917655205,1513,0.0298864197530864,rendah
rendah_clahe_27_flipH_r90.png,rendah,300.9669047619047,0.9408310241647349,0.7956265920822453,0.8546803912259818,1526,0.0301432098765432,rendah
rendah_clahe_27_flipV_r90.png,rendah,300.9669047619047,0.9408310241647349,0.7956265920822453,0.8546803912259818,1511,0.0298469135802469,rendah
rendah_clahe_27_orig_r0.png,rendah,85.91031746031746,0.9831092562584196,0.8003789920330355,0.8680481917655205,1511,0.0298469135802469,rendah
rendah_clahe_27_orig_r270.png,rendah,300.9669047619047,0.9408310241647349,0.7956265920822453,0.8546803912259818,1513,0.0298864197530864,rendah
rendah_clahe_28_flipH_r270.png,rendah,254.6140873015873,0.9405259679186406,0.8236486369518378,0.8670662414053364,1451,0.0286617283950617,rendah
rendah_clahe_28_flipH_r90.png,rendah,254.6140873015873,0.9405259679186406,0.8236486369518378,0.8670662414053364,1465,0.0289382716049382,rendah
rendah_clahe_28_flipV_r0.png,rendah,62.293650793650784,0.9854491374572756,0.8268239718875131,0.8798476435102389,1463,0.0288987654320987,rendah
rendah_clahe_28_flipV_r90.png,rendah,254.6140873015873,0.9405259679186406,0.8236486369518378,0.8670662414053364,1451,0.0286617283950617,rendah
rendah_clahe_29_flipH_r0.png,rendah,55.73442460317459,0.988342142408108,0.8146865281014406,0.8758244609285543,1343,0.0265283950617283,rendah
rendah_clahe_29_flipH_r90.png,rendah,184.6525,0.9613764682848815,0.8116373709453965,0.8635550712832499,1322,0.0261135802469135,rendah
rendah_clahe_29_flipV_r0.png,rendah,55.73442460317459,0.988342142408108,0.8146865281014406,0.8758244609285543,1322,0.0261135802469135,rendah
rendah_clahe_29_flipV_r270.png,rendah,184.6525,0.9613764682848815,0.8116373709453965,0.8635550712832499,1322,0.0261135802469135,rendah
rendah_clahe_29_flipV_r90.png,rendah,184.6525,0.9613764682848815,0.8116373709453965,0.8635550712832499,1343,0.0265283950617283,rendah
rendah_clahe_29_orig_r0.png,rendah,55.73442460317459,0.988342142408108,0.8146865281014406,0.8758244609285543,1343,0.0265283950617283,rendah
rendah_clahe_30_flipH_r270.png,rendah,258.34357142857147,0.954054984937544,0.7794966511611136,0.8382621680003718,1901,0.0375506172839506,rendah
rendah_clahe_30_flipH_r90.png,rendah,258.34357142857147,0.954054984937544,0.7794966511611136,0.8382621680003718,1856,0.0366617283950617,rendah
rendah_clahe_30_flipV_r270.png,rendah,258.34357142857147,0.954054984937544,0.7794966511611136,0.8382621680003718,1856,0.0366617283950617,rendah
rendah_clahe_30_flipV_r90.png,rendah,258.34357142857147,0.954054984937544,0.7794966511611136,0.8382621680003718,1901,0.0375506172839506,rendah
rendah_clahe_30_orig_r270.png,rendah,258.34357142857147,0.954054984937544,0.7794966511611136,0.8382621680003718,1892,0.0373728395061728,rendah
rendah_clahe_30_orig_r90.png,rendah,258.34357142857147,0.954054984937544,0.7794966511611136,0.8382621680003718,1865,0.0368395061728395,rendah
rendah_clahe_31_flipH_r0.png,rendah,85.43777777777777,0.9843890148663208,0.8011366808594479,0.8682856590969498,1412,0.0278913580246913,rendah
rendah_clahe_31_flipH_r270.png,rendah,202.0438492063492,0.9630832480361264,0.7967175490634296,0.8567186758127843,1415,0.0279506172839506,tinggi
rendah_clahe_31_flipV_r270.png,rendah,202.0438492063492,0.9630832480361264,0.7967175490634296,0.8567186758127843,1383,0.0273185185185185,tinggi
rendah_clahe_31_orig_r0.png,rendah,85.43777777777777,0.9843890148663208,0.8011366808594479,0.8682856590969498,1415,0.0279506172839506,rendah
rendah_clahe_31_orig_r270.png,rendah,202.0438492063492,0.9630832480361264,0.7967175490634296,0.8567186758127843,1412,0.0278913580246913,tinggi
rendah_clahe_31_orig_r90.png,rendah,202.0438492063492,0.9630832480361264,0.7967175490634296,0.8567186758127843,1386,0.0273777777777777,tinggi
rendah_clahe_32_flipH_r0.png,rendah,98.67599206349206,0.9820178320324184,0.8056266613781509,0.8631072497117314,1610,0.0318024691358024,rendah
rendah_clahe_32_flipH_r270.png,rendah,175.85920634920635,0.9679535481442624,0.8018777747512146,0.8515200606963573,1600,0.0316049382716049,rendah
rendah_clahe_32_flipH_r90.png,rendah,175.85920634920635,0.9679535481442624,0.8018777747512146,0.8515200606963573,1604,0.0316839506172839,rendah
rendah_clahe_32_flipV_r0.png,rendah,98.67599206349206,0.9820178320324184,0.8056266613781509,0.8631072497117314,1594,0.0314864197530864,rendah
rendah_clahe_32_orig_r0.png,rendah,98.67599206349206,0.9820178320324184,0.8056266613781509,0.8631072497117314,1600,0.0316049382716049,rendah
rendah_clahe_32_orig_r90.png,rendah,175.85920634920635,0.9679535481442624,0.8018777747512146,0.8515200606963573,1594,0.0314864197530864,rendah
rendah_clahe_33_flipH_r0.png,rendah,85.770873015873,0.9845493630531428,0.780941915444176,0.8639672763217667,1487,0.0293728395061728,rendah
rendah_clahe_33_flipH_r90.png,rendah,193.90436507936508,0.9650706322674686,0.7766162512295957,0.8521964409564441,1482,0.029274074074074,rendah
rendah_clahe_33_flipV_r270.png,rendah,193.90436507936508,0.9650706322674686,0.7766162512295957,0.8521964409564441,1482,0.029274074074074,rendah
rendah_clahe_33_flipV_r90.png,rendah,193.90436507936508,0.9650706322674686,0.7766162512295957,0.8521964409564441,1491,0.0294518518518518,rendah
rendah_clahe_33_orig_r270.png,rendah,193.90436507936508,0.9650706322674686,0.7766162512295957,0.8521964409564441,1487,0.0293728395061728,rendah
rendah_clahe_34_flipH_r0.png,rendah,91.35599206349208,0.9824562416387916,0.8017444164004761,0.8714354924489537,1367,0.0270024691358024,sedang
rendah_clahe_34_flipH_r270.png,rendah,210.0468650793651,0.959667490864446,0.7971521082985369,0.8590499287665684,1365,0.0269629629629629,rendah
rendah_clahe_34_flipH_r90.png,rendah,210.0468650793651,0.959667490864446,0.7971521082985369,0.8590499287665684,1377,0.0272,rendah
rendah_clahe_34_flipV_r0.png,rendah,91.35599206349208,0.9824562416387916,0.8017444164004761,0.8714354924489537,1375,0.0271604938271604,sedang
rendah_clahe_34_flipV_r270.png,rendah,210.0468650793651,0.959667490864446,0.7971521082985369,0.8590499287665684,1377,0.0272,rendah
rendah_clahe_34_flipV_r90.png,rendah,210.0468650793651,0.959667490864446,0.7971521082985369,0.8590499287665684,1365,0.0269629629629629,rendah
rendah_clahe_34_orig_r270.png,rendah,210.0468650793651,0.959667490864446,0.7971521082985369,0.8590499287665684,1367,0.0270024691358024,rendah
rendah_clahe_34_orig_r90.png,rendah,210.0468650793651,0.959667490864446,0.7971521082985369,0.8590499287665684,1375,0.0271604938271604,rendah
rendah_clahe_35_flipH_r0.png,rendah,100.00083333333332,0.9820649027473822,0.800407129609208,0.8596342825035255,1578,0.0311703703703703,rendah
rendah_clahe_35_flipH_r90.png,rendah,193.1497619047619,0.965358941428056,0.7959641401663223,0.8480983393397699,1587,0.0313481481481481,tinggi
rendah_clahe_35_flipV_r0.png,rendah,100.00083333333332,0.9820649027473822,0.800407129609208,0.8596342825035255,1586,0.0313283950617283,rendah
rendah_clahe_35_flipV_r270.png,rendah,193.1497619047619,0.965358941428056,0.7959641401663223,0.8480983393397699,1587,0.0313481481481481,tinggi
rendah_clahe_35_flipV_r90.png,rendah,193.1497619047619,0.965358941428056,0.7959641401663223,0.8480983393397699,1577,0.0311506172839506,tinggi
rendah_clahe_35_orig_r0.png,rendah,100.00083333333332,0.9820649027473822,0.800407129609208,0.8596342825035255,1577,0.0311506172839506,rendah
rendah_clahe_35_orig_r270.png,rendah,193.1497619047619,0.965358941428056,0.7959641401663223,0.8480983393397699,1578,0.0311703703703703,tinggi
rendah_clahe_35_orig_r90.png,rendah,193.1497619047619,0.965358941428056,0.7959641401663223,0.8480983393397699,1586,0.0313283950617283,tinggi
rendah_clahe_36_flipH_r270.png,rendah,183.48158730158733,0.9665717811035242,0.7963082172973673,0.8488000899528513,1604,0.0316839506172839,rendah
rendah_clahe_36_flipH_r90.png,rendah,183.48158730158733,0.9665717811035242,0.7963082172973673,0.8488000899528513,1571,0.031032098765432,rendah
rendah_clahe_36_flipV_r0.png,rendah,95.24434523809524,0.9826439623986364,0.8007010979165932,0.8609735370771812,1588,0.0313679012345679,rendah
rendah_clahe_36_flipV_r270.png,rendah,183.48158730158733,0.9665717811035242,0.7963082172973673,0.8488000899528513,1571,0.031032098765432,rendah
rendah_clahe_36_orig_r270.png,rendah,183.48158730158733,0.9665717811035242,0.7963082172973673,0.8488000899528513,1587,0.0313481481481481,rendah
rendah_clahe_36_orig_r90.png,rendah,183.48158730158733,0.9665717811035242,0.7963082172973673,0.8488000899528513,1588,0.0313679012345679,rendah
rendah_clahe_37_flipH_r0.png,rendah,69.75688492063492,0.987339729953282,0.8035327349590642,0.8730474529925119,1024,0.0202271604938271,rendah
rendah_clahe_37_flipH_r90.png,rendah,168.35325396825397,0.9694560807164002,0.7989426567039616,0.8599593095689888,1005,0.0198518518518518,tinggi
rendah_clahe_37_flipV_r270.png,rendah,168.35325396825397,0.9694560807164002,0.7989426567039616,0.8599593095689888,1005,0.0198518518518518,tinggi
rendah_clahe_37_flipV_r90.png,rendah,168.35325396825397,0.9694560807164002,0.7989426567039616,0.8599593095689888,1025,0.0202469135802469,tinggi
rendah_clahe_37_orig_r90.png,rendah,168.35325396825397,0.9694560807164002,0.7989426567039616,0.8599593095689888,1006,0.0198716049382716,tinggi
rendah_clahe_38_flipH_r270.png,rendah,183.07761904761904,0.964456151737182,0.7995601358597171,0.8565062903285783,1341,0.0264888888888888,rendah
rendah_clahe_38_flipH_r90.png,rendah,183.07761904761904,0.964456151737182,0.7995601358597171,0.8565062903285783,1345,0.0265679012345679,rendah
rendah_clahe_38_flipV_r0.png,rendah,86.14591269841272,0.983275020061994,0.8033690211475557,0.8690052448659402,1336,0.0263901234567901,rendah
rendah_clahe_38_flipV_r90.png,rendah,183.07761904761904,0.964456151737182,0.7995601358597171,0.8565062903285783,1341,0.0264888888888888,rendah
rendah_clahe_38_orig_r0.png,rendah,86.14591269841272,0.983275020061994,0.8033690211475557,0.8690052448659402,1341,0.0264888888888888,rendah
rendah_clahe_38_orig_r270.png,rendah,183.07761904761904,0.964456151737182,0.7995601358597171,0.8565062903285783,1350,0.0266666666666666,rendah
rendah_clahe_38_orig_r90.png,rendah,183.07761904761904,0.964456151737182,0.7995601358597171,0.8565062903285783,1336,0.0263901234567901,rendah
rendah_clahe_39_flipH_r0.png,rendah,69.05396825396824,0.9856652712663388,0.8230374362426752,0.8741778131677022,1304,0.025758024691358,rendah
rendah_clahe_39_flipV_r0.png,rendah,69.05396825396824,0.9856652712663388,0.8230374362426752,0.8741778131677022,1316,0.025995061728395,rendah
rendah_clahe_39_orig_r0.png,rendah,69.05396825396824,0.9856652712663388,0.8230374362426752,0.8741778131677022,1313,0.0259358024691358,rendah
rendah_clahe_39_orig_r90.png,rendah,167.76075396825397,0.9651749933987144,0.8204274245672869,0.8634273361504047,1316,0.025995061728395,rendah
rendah_clahe_40_flipH_r0.png,rendah,69.05396825396824,0.9856652712663388,0.8230374362426752,0.8741778131677022,1304,0.025758024691358,rendah
rendah_clahe_40_flipH_r270.png,rendah,167.76075396825397,0.9651749933987144,0.8204274245672869,0.8634273361504047,1313,0.0259358024691358,rendah
rendah_clahe_40_flipH_r90.png,rendah,167.76075396825397,0.9651749933987144,0.8204274245672869,0.8634273361504047,1307,0.0258172839506172,rendah
rendah_clahe_40_flipV_r0.png,rendah,69.05396825396824,0.9856652712663388,0.8230374362426752,0.8741778131677022,1316,0.025995061728395,rendah
rendah_clahe_40_flipV_r270.png,rendah,167.76075396825397,0.9651749933987144,0.8204274245672869,0.8634273361504047,1307,0.0258172839506172,rendah
rendah_clahe_40_flipV_r90.png,rendah,167.76075396825397,0.9651749933987144,0.8204274245672869,0.8634273361504047,1313,0.0259358024691358,rendah
rendah_clahe_40_orig_r0.png,rendah,69.05396825396824,0.9856652712663388,0.8230374362426752,0.8741778131677022,1313,0.0259358024691358,rendah
rendah_clahe_40_orig_r270.png,rendah,167.76075396825397,0.9651749933987144,0.8204274245672869,0.8634273361504047,1304,0.025758024691358,rendah
rendah_clahe_40_orig_r90.png,rendah,167.76075396825397,0.9651749933987144,0.8204274245672869,0.8634273361504047,1316,0.025995061728395,rendah
