label,Contrast,Correlation,Energy,Homogeneity,edge_pixels,edge_ratio
rendah,0.43000552773157963,0.5519444700377718,0.4598676190954362,0.44886673224637585,0.48310185185185184,0.483099728947583
sedang,0.457213275942061,0.49823184457826475,0.5316184244210518,0.5162775639055581,0.5702168880837359,0.5702130207059591
tinggi,0.5120630832432452,0.48107438898646787,0.43940395807491944,0.3873866417932644,0.7230978260869566,0.7230900230292657
